dataset,url,product,species,sample_type,cells_or_nuclei,preservation,Datasets,Replicate,input_links,output_links
"Visium HD Spatial Gene Expression Library, Human Pancreas (FFPE)",https://www.10xgenomics.com/datasets/visium-hd-cytassist-gene-expression-libraries-human-pancreas-4,HD Spatial Gene Expression v1.0,Human,Pancreas,,FFPE,"Visium HD Spatial Gene Expression Library, Human Pancreas (FFPE)",,,
"Visium HD Spatial Gene Expression Library, Human Pancreas (FFPE)",https://www.10xgenomics.com/datasets/visium-hd-cytassist-gene-expression-libraries-human-pancreas-4,HD Spatial Gene Expression v1.0,Human,Pancreas,,FFPE,"Visium HD Spatial Gene Expression Library, Human Pancreas (FFPE)",,,
"Visium HD Spatial Gene Expression Library, Human Breast Cancer (Fresh Frozen), Ultima Sequencing",https://www.10xgenomics.com/datasets/visium-hd-cytassist-gene-expression-libraries-human-breast-cancer-ff-ultima-4,HD Spatial Gene Expression v1.0,Human,Breast,,Fresh Frozen,"Visium HD Spatial Gene Expression Library, Human Breast Cancer (Fresh Frozen), Ultima Sequencing",,,
"Visium HD Spatial Gene Expression Library, Human Breast Cancer (Fresh Frozen), Ultima Sequencing",https://www.10xgenomics.com/datasets/visium-hd-cytassist-gene-expression-libraries-human-breast-cancer-ff-ultima-4,HD Spatial Gene Expression v1.0,Human,Breast,,Fresh Frozen,"Visium HD Spatial Gene Expression Library, Human Breast Cancer (Fresh Frozen), Ultima Sequencing",,,
"Visium HD Spatial Gene Expression Library, Mouse Kidney (FFPE)",https://www.10xgenomics.com/datasets/visium-hd-cytassist-gene-expression-libraries-of-mouse-kidney-v4,HD Spatial Gene Expression v1.0,Mouse,Kidney,,FFPE,"Visium HD Spatial Gene Expression Library, Mouse Kidney (FFPE)",,,
"Visium HD Spatial Gene Expression Library, Mouse Kidney (FFPE)",https://www.10xgenomics.com/datasets/visium-hd-cytassist-gene-expression-libraries-of-mouse-kidney-v4,HD Spatial Gene Expression v1.0,Mouse,Kidney,,FFPE,"Visium HD Spatial Gene Expression Library, Mouse Kidney (FFPE)",,,
"Visium HD Spatial Gene Expression Library, Mouse Brain (FFPE)",https://www.10xgenomics.com/datasets/visium-hd-cytassist-gene-expression-libraries-of-mouse-brain-he-v4,HD Spatial Gene Expression v1.0,Mouse,Brain,,FFPE,"Visium HD Spatial Gene Expression Library, Mouse Brain (FFPE)",,,
"Visium HD Spatial Gene Expression Library, Mouse Brain (FFPE)",https://www.10xgenomics.com/datasets/visium-hd-cytassist-gene-expression-libraries-of-mouse-brain-he-v4,HD Spatial Gene Expression v1.0,Mouse,Brain,,FFPE,"Visium HD Spatial Gene Expression Library, Mouse Brain (FFPE)",,,
"Visium HD Spatial Gene Expression Library, Human Colorectal Cancer (FFPE)",https://www.10xgenomics.com/datasets/visium-hd-cytassist-gene-expression-libraries-of-human-crc-v4,HD Spatial Gene Expression v1.0,Human,Colon,,FFPE,"Visium HD Spatial Gene Expression Library, Human Colorectal Cancer (FFPE)",,,
"Visium HD Spatial Gene Expression Library, Human Colorectal Cancer (FFPE)",https://www.10xgenomics.com/datasets/visium-hd-cytassist-gene-expression-libraries-of-human-crc-v4,HD Spatial Gene Expression v1.0,Human,Colon,,FFPE,"Visium HD Spatial Gene Expression Library, Human Colorectal Cancer (FFPE)",,,
"Visium HD Spatial Gene Expression Library, Human Lymph Node (FFPE)",https://www.10xgenomics.com/datasets/visium-hd-cytassist-gene-expression-libraries-human-lymph-node-v4,HD Spatial Gene Expression v1.0,Human,Lymph Node,,FFPE,"Visium HD Spatial Gene Expression Library, Human Lymph Node (FFPE)",,,
"Visium HD Spatial Gene Expression Library, Human Kidney (FFPE)",https://www.10xgenomics.com/datasets/visium-hd-cytassist-gene-expression-libraries-human-kidney-ffpe-v4,HD Spatial Gene Expression v1.0,Human,Kidney,,FFPE,"Visium HD Spatial Gene Expression Library, Human Kidney (FFPE)",,,
"Visium HD Spatial Gene Expression Library, Human Kidney (FFPE)",https://www.10xgenomics.com/datasets/visium-hd-cytassist-gene-expression-libraries-human-kidney-ffpe-v4,HD Spatial Gene Expression v1.0,Human,Kidney,,FFPE,"Visium HD Spatial Gene Expression Library, Human Kidney (FFPE)",,,
"Visium HD Spatial Gene Expression Library, Mouse Embryo (FFPE)",https://www.10xgenomics.com/datasets/visium-hd-cytassist-gene-expression-libraries-of-mouse-embryo-4,HD Spatial Gene Expression v1.0,Mouse,Whole Embryo,,FFPE,"Visium HD Spatial Gene Expression Library, Mouse Embryo (FFPE)",,,
"Visium HD Spatial Gene Expression Library, Mouse Embryo (FFPE)",https://www.10xgenomics.com/datasets/visium-hd-cytassist-gene-expression-libraries-of-mouse-embryo-4,HD Spatial Gene Expression v1.0,Mouse,Whole Embryo,,FFPE,"Visium HD Spatial Gene Expression Library, Mouse Embryo (FFPE)",,,
"Visium HD Spatial Gene Expression Library, Human Prostate Cancer (FFPE)",https://www.10xgenomics.com/datasets/visium-hd-cytassist-gene-expression-libraries-human-prostate-cancer-ffpe,HD Spatial Gene Expression v1.0,Human,prostate,,FFPE,"Visium HD Spatial Gene Expression Library, Human Prostate Cancer (FFPE)",,,
"Visium CytAssist Spatial Gene Expression Library, Human Lymph Node (FFPE)",https://www.10xgenomics.com/datasets/visium-v2-human-lymph-node,Spatial Gene Expression v2,Human,Lymph Node,,FFPE,"Visium CytAssist Spatial Gene Expression Library, Human Lymph Node (FFPE)",,,
"Visium HD Spatial Gene Expression Library, Human Kidney (FFPE)",https://www.10xgenomics.com/datasets/visium-hd-cytassist-gene-expression-libraries-human-kidney-ffpe,HD Spatial Gene Expression v1.0,Human,Kidney,,FFPE,"Visium HD Spatial Gene Expression Library, Human Kidney (FFPE)",,,
"Visium HD Spatial Gene Expression Library, Human Kidney (FFPE)",https://www.10xgenomics.com/datasets/visium-hd-cytassist-gene-expression-libraries-human-kidney-ffpe,HD Spatial Gene Expression v1.0,Human,Kidney,,FFPE,"Visium HD Spatial Gene Expression Library, Human Kidney (FFPE)",,,
"Visium HD Spatial Gene Expression Library, Human Tonsil (Fresh Frozen), Ultima Sequencing",https://www.10xgenomics.com/datasets/visium-hd-cytassist-gene-expression-libraries-human-tonsil-ff-ultima,HD Spatial Gene Expression v1.0,Human,Tonsil,,Fresh Frozen,"Visium HD Spatial Gene Expression Library, Human Tonsil (Fresh Frozen), Ultima Sequencing",,,
"Visium HD Spatial Gene Expression Library, Human Breast Cancer (Fresh Frozen), Ultima Sequencing",https://www.10xgenomics.com/datasets/visium-hd-cytassist-gene-expression-libraries-human-breast-cancer-ff-ultima,HD Spatial Gene Expression v1.0,Human,Breast,,Fresh Frozen,"Visium HD Spatial Gene Expression Library, Human Breast Cancer (Fresh Frozen), Ultima Sequencing",,,
"Visium HD Spatial Gene Expression Library, Human Breast Cancer (Fresh Frozen), Ultima Sequencing",https://www.10xgenomics.com/datasets/visium-hd-cytassist-gene-expression-libraries-human-breast-cancer-ff-ultima,HD Spatial Gene Expression v1.0,Human,Breast,,Fresh Frozen,"Visium HD Spatial Gene Expression Library, Human Breast Cancer (Fresh Frozen), Ultima Sequencing",,,
FFPE Human Ovarian Cancer with 5K Human Pan Tissue and Pathways Panel plus 100 Custom Genes,https://www.10xgenomics.com/datasets/xenium-prime-ffpe-human-ovarian-cancer,In Situ Gene Expression Xenium Prime,Human,Ovary,Cells,FFPE,FFPE Human Ovarian Cancer with 5K Human Pan Tissue and Pathways Panel plus 100 Custom Genes,,,
"Visium HD Spatial Gene Expression Library, Human Breast Cancer, IF (FFPE)",https://www.10xgenomics.com/datasets/visium-hd-cytassist-gene-expression-libraries-human-breast-cancer-ffpe-if,HD Spatial Gene Expression v1.0,Human,breast,,FFPE,"Visium HD Spatial Gene Expression Library, Human Breast Cancer, IF (FFPE)",,,
Post-Xenium Technical Note: Xenium v1 and Xenium Prime 5K for FFPE Human Lung Cancer,https://www.10xgenomics.com/datasets/xenium-human-lung-cancer-post-xenium-technote,In Situ Gene Expression Xenium Prime,Human,Lung,Cells,FFPE,Post-Xenium Technical Note: Xenium v1 and Xenium Prime 5K for FFPE Human Lung Cancer,,,
FFPE Human Breast Cancer with 5K Human Pan Tissue and Pathways Panel plus 100 Custom Genes,https://www.10xgenomics.com/datasets/xenium-prime-ffpe-human-breast-cancer,In Situ Gene Expression Xenium Prime,Human,Breast,Cells,FFPE,FFPE Human Breast Cancer with 5K Human Pan Tissue and Pathways Panel plus 100 Custom Genes,,,
Whole Mouse Pup (FFPE) with 5K Mouse Pan Tissue and Pathways Panel and Snap25a/Snap25b Add-on,https://www.10xgenomics.com/datasets/xenium-prime-ffpe-neonatal-mouse,In Situ Gene Expression Xenium Prime,Mouse,Whole organism,Cells,FFPE,Whole Mouse Pup (FFPE) with 5K Mouse Pan Tissue and Pathways Panel and Snap25a/Snap25b Add-on,,,
"Visium HD Spatial Gene Expression Libraries, Post-Xenium, Human Lung Cancer (FFPE)",https://www.10xgenomics.com/datasets/visium-hd-cytassist-gene-expression-human-lung-cancer-post-xenium-expt,HD Spatial Gene Expression v1.0,Human,Lung,,FFPE,"Visium HD Spatial Gene Expression Libraries, Post-Xenium, Human Lung Cancer (FFPE)",,,
"Visium HD Spatial Gene Expression Library, Mouse Lung (Fresh Frozen)",https://www.10xgenomics.com/datasets/visium-hd-cytassist-gene-expression-mouse-lung-fresh-frozen,HD Spatial Gene Expression v1.0,Mouse,Lung,,Fresh Frozen,"Visium HD Spatial Gene Expression Library, Mouse Lung (Fresh Frozen)",,,
"Visium HD Spatial Gene Expression Library, Mouse Brain (Fresh Frozen)",https://www.10xgenomics.com/datasets/visium-hd-cytassist-gene-expression-mouse-brain-fresh-frozen,HD Spatial Gene Expression v1.0,Mouse,Brain,,Fresh Frozen,"Visium HD Spatial Gene Expression Library, Mouse Brain (Fresh Frozen)",,,
"Visium HD Spatial Gene Expression Library, Mouse Brain (Fixed Frozen)",https://www.10xgenomics.com/datasets/visium-hd-cytassist-gene-expression-mouse-brain-fixed-frozen,HD Spatial Gene Expression v1.0,Mouse,Brain,,Fixed Frozen,"Visium HD Spatial Gene Expression Library, Mouse Brain (Fixed Frozen)",,,
"Visium HD Spatial Gene Expression Library, Human Tonsil, IF (Fresh Frozen)",https://www.10xgenomics.com/datasets/visium-hd-cytassist-gene-expression-human-tonsil-fresh-frozen-if,HD Spatial Gene Expression v1.0,Human,Tonsil,,Fresh Frozen,"Visium HD Spatial Gene Expression Library, Human Tonsil, IF (Fresh Frozen)",,,
"Visium HD Spatial Gene Expression Library, Human Tonsil (Fresh Frozen)",https://www.10xgenomics.com/datasets/visium-hd-cytassist-gene-expression-human-tonsil-fresh-frozen,HD Spatial Gene Expression v1.0,Human,Tonsil,,Fresh Frozen,"Visium HD Spatial Gene Expression Library, Human Tonsil (Fresh Frozen)",,,
"Visium HD Spatial Gene Expression Library, Human Lung Cancer (Fixed Frozen)",https://www.10xgenomics.com/datasets/visium-hd-cytassist-gene-expression-human-lung-cancer-fixed-frozen,HD Spatial Gene Expression v1.0,Human,Lung,,Fixed Frozen,"Visium HD Spatial Gene Expression Library, Human Lung Cancer (Fixed Frozen)",,,
"Visium HD Spatial Gene Expression Library, Human Breast Cancer (Fresh Frozen)",https://www.10xgenomics.com/datasets/visium-hd-cytassist-gene-expression-human-breast-cancer-fresh-frozen,HD Spatial Gene Expression v1.0,Human,Breast,,Fresh Frozen,"Visium HD Spatial Gene Expression Library, Human Breast Cancer (Fresh Frozen)",,,
"Visium HD Spatial Gene Expression Library, Human Breast Cancer (Fixed Frozen)",https://www.10xgenomics.com/datasets/visium-hd-cytassist-gene-expression-human-breast-cancer-fixed-frozen,HD Spatial Gene Expression v1.0,Human,Breast,,Fixed Frozen,"Visium HD Spatial Gene Expression Library, Human Breast Cancer (Fixed Frozen)",,,
Fresh Frozen Human Ovarian Adenocarcinoma with 5K Human Pan Tissue and Pathways Panel,https://www.10xgenomics.com/datasets/xenium-prime-fresh-frozen-human-ovary,In Situ Gene Expression Xenium Prime,Human,Ovary,Cells,Fresh Frozen,Fresh Frozen Human Ovarian Adenocarcinoma with 5K Human Pan Tissue and Pathways Panel,,,
FFPE Human Cervical Cancer with 5K Human Pan Tissue and Pathways Panel plus 100 Custom Genes,https://www.10xgenomics.com/datasets/xenium-prime-ffpe-human-cervical-cancer,In Situ Gene Expression Xenium Prime,Human,Cervix,Cells,FFPE,FFPE Human Cervical Cancer with 5K Human Pan Tissue and Pathways Panel plus 100 Custom Genes,,,
Fresh Frozen Mouse Brain Hemisphere with 5K Mouse Pan Tissue and Pathways Panel,https://www.10xgenomics.com/datasets/xenium-prime-fresh-frozen-mouse-brain,In Situ Gene Expression Xenium Prime,Mouse,brain,cells,Fresh Frozen,Fresh Frozen Mouse Brain Hemisphere with 5K Mouse Pan Tissue and Pathways Panel,,,
Preview Data: FFPE Human Skin Primary Dermal Melanoma with 5K Human Pan Tissue and Pathways Panel,https://www.10xgenomics.com/datasets/xenium-prime-ffpe-human-skin,In Situ Gene Expression Xenium Prime,Human,skin,cells,FFPE,Preview Data: FFPE Human Skin Primary Dermal Melanoma with 5K Human Pan Tissue and Pathways Panel,,,
Preview Data: FFPE Human Prostate Adenocarcinoma with 5K Human Pan Tissue and Pathways Panel,https://www.10xgenomics.com/datasets/xenium-prime-ffpe-human-prostate,In Situ Gene Expression Xenium Prime,Human,prostate,cells,FFPE,Preview Data: FFPE Human Prostate Adenocarcinoma with 5K Human Pan Tissue and Pathways Panel,,,
"Visium HD Spatial Gene Expression Library, Mouse Kidney (FFPE)",https://www.10xgenomics.com/datasets/visium-hd-cytassist-gene-expression-libraries-of-mouse-kidney,HD Spatial Gene Expression v1.0,Mouse,Kidney,,FFPE,"Visium HD Spatial Gene Expression Library, Mouse Kidney (FFPE)",,,
"Visium HD Spatial Gene Expression Library, Mouse Kidney (FFPE)",https://www.10xgenomics.com/datasets/visium-hd-cytassist-gene-expression-libraries-of-mouse-kidney,HD Spatial Gene Expression v1.0,Mouse,Kidney,,FFPE,"Visium HD Spatial Gene Expression Library, Mouse Kidney (FFPE)",,,
"Visium HD Spatial Gene Expression Library, Mouse Embryo (FFPE)",https://www.10xgenomics.com/datasets/visium-hd-cytassist-gene-expression-libraries-of-mouse-embryo,HD Spatial Gene Expression v1.0,Mouse,Whole Embryo,,FFPE,"Visium HD Spatial Gene Expression Library, Mouse Embryo (FFPE)",,,
"Visium HD Spatial Gene Expression Library, Mouse Embryo (FFPE)",https://www.10xgenomics.com/datasets/visium-hd-cytassist-gene-expression-libraries-of-mouse-embryo,HD Spatial Gene Expression v1.0,Mouse,Whole Embryo,,FFPE,"Visium HD Spatial Gene Expression Library, Mouse Embryo (FFPE)",,,
"Visium HD Spatial Gene Expression Library, Human Pancreas (FFPE)",https://www.10xgenomics.com/datasets/visium-hd-cytassist-gene-expression-libraries-human-pancreas,HD Spatial Gene Expression v1.0,Human,Pancreas,,FFPE,"Visium HD Spatial Gene Expression Library, Human Pancreas (FFPE)",,,
"Visium HD Spatial Gene Expression Library, Human Pancreas (FFPE)",https://www.10xgenomics.com/datasets/visium-hd-cytassist-gene-expression-libraries-human-pancreas,HD Spatial Gene Expression v1.0,Human,Pancreas,,FFPE,"Visium HD Spatial Gene Expression Library, Human Pancreas (FFPE)",,,
Preview Data: FFPE Human Lymph Node with 5K Pan Tissue and Pathways Panel,https://www.10xgenomics.com/datasets/preview-data-xenium-prime-gene-expression,In Situ Gene Expression Xenium Prime,Human,lymph node,cells,FFPE,Preview Data: FFPE Human Lymph Node with 5K Pan Tissue and Pathways Panel,,,
FFPE Human Ovarian Cancer Data with Human Immuno-Oncology Profiling Panel and Custom Add-on,https://www.10xgenomics.com/datasets/ffpe-human-ovarian-cancer-data-with-human-immuno-oncology-profiling-panel-and-custom-add-on-1-standard,In Situ Gene Expression v1.0,Human,ovary,cells,FFPE,FFPE Human Ovarian Cancer Data with Human Immuno-Oncology Profiling Panel and Custom Add-on,,,
FFPE Human Lung Cancer Data with Human Immuno-Oncology Profiling Panel and Custom Add-on,https://www.10xgenomics.com/datasets/ffpe-human-lung-cancer-data-with-human-immuno-oncology-profiling-panel-and-custom-add-on-1-standard,In Situ Gene Expression v1.0,Human,lung,cells,FFPE,FFPE Human Lung Cancer Data with Human Immuno-Oncology Profiling Panel and Custom Add-on,,,
FFPE Human Pancreatic Ductal Adenocarcinoma Data with Human Immuno-Oncology Profiling Panel,https://www.10xgenomics.com/datasets/ffpe-human-ductal-adenocarcinoma-data-with-human-immuno-oncology-profiling-panel-1-standard,In Situ Gene Expression v1.0,Human,pancreas,cells,FFPE,FFPE Human Pancreatic Ductal Adenocarcinoma Data with Human Immuno-Oncology Profiling Panel,,,
FFPE Human Colorectal Cancer Data with Human Immuno-Oncology Profiling Panel and Custom Add-on,https://www.10xgenomics.com/datasets/ffpe-human-colorectal-cancer-data-with-human-immuno-oncology-profiling-panel-and-custom-add-on-1-standard,In Situ Gene Expression v1.0,Human,colon,cells,FFPE,FFPE Human Colorectal Cancer Data with Human Immuno-Oncology Profiling Panel and Custom Add-on,,,
FFPE Human Brain Cancer Data with Human Immuno-Oncology Profiling Panel and Custom Add-on,https://www.10xgenomics.com/datasets/ffpe-human-brain-cancer-data-with-human-immuno-oncology-profiling-panel-and-custom-add-on-1-standard,In Situ Gene Expression v1.0,Human,brain,cells,FFPE,FFPE Human Brain Cancer Data with Human Immuno-Oncology Profiling Panel and Custom Add-on,,,
Mouse Bone Data with Custom Add-on Panel,https://www.10xgenomics.com/datasets/mouse-bone-data-with-custom-add-on-panel-1-standard,In Situ Gene Expression v1.0,Mouse,bone,cells,FFPE,Mouse Bone Data with Custom Add-on Panel,,,
Human Bone and Bone Marrow Data with Custom Add-on Panel,https://www.10xgenomics.com/datasets/human-bone-and-bone-marrow-data-with-custom-add-on-panel-1-standard,In Situ Gene Expression v1.0,Human,"bone, bone marrow",cells,FFPE,Human Bone and Bone Marrow Data with Custom Add-on Panel,,,
"Visium HD Spatial Gene Expression Library, Mouse Brain (FFPE)",https://www.10xgenomics.com/datasets/visium-hd-cytassist-gene-expression-libraries-of-mouse-brain-he,HD Spatial Gene Expression v1.0,Mouse,Brain,,FFPE,"Visium HD Spatial Gene Expression Library, Mouse Brain (FFPE)",,,
"Visium HD Spatial Gene Expression Library, Mouse Brain (FFPE)",https://www.10xgenomics.com/datasets/visium-hd-cytassist-gene-expression-libraries-of-mouse-brain-he,HD Spatial Gene Expression v1.0,Mouse,Brain,,FFPE,"Visium HD Spatial Gene Expression Library, Mouse Brain (FFPE)",,,
"Visium HD Spatial Gene Expression Library, Human Lung Cancer, IF Stained (FFPE)",https://www.10xgenomics.com/datasets/visium-hd-cytassist-gene-expression-libraries-of-human-lung-cancer-if,HD Spatial Gene Expression v1.0,Human,Lung,,FFPE,"Visium HD Spatial Gene Expression Library, Human Lung Cancer, IF Stained (FFPE)",,,
"Visium HD Spatial Gene Expression Library, Mouse Small Intestine (FFPE)",https://www.10xgenomics.com/datasets/visium-hd-cytassist-gene-expression-libraries-of-mouse-intestine,HD Spatial Gene Expression v1.0,Mouse,Intestine,,FFPE,"Visium HD Spatial Gene Expression Library, Mouse Small Intestine (FFPE)",,,
"Visium HD Spatial Gene Expression Library, Human Colorectal Cancer (FFPE)",https://www.10xgenomics.com/datasets/visium-hd-cytassist-gene-expression-libraries-of-human-crc,HD Spatial Gene Expression v1.0,Human,Colon,,FFPE,"Visium HD Spatial Gene Expression Library, Human Colorectal Cancer (FFPE)",,,
"Visium HD Spatial Gene Expression Library, Human Colorectal Cancer (FFPE)",https://www.10xgenomics.com/datasets/visium-hd-cytassist-gene-expression-libraries-of-human-crc,HD Spatial Gene Expression v1.0,Human,Colon,,FFPE,"Visium HD Spatial Gene Expression Library, Human Colorectal Cancer (FFPE)",,,
Fresh Frozen Mouse Colon with Xenium Multimodal Cell Segmentation,https://www.10xgenomics.com/datasets/fresh-frozen-mouse-colon-with-xenium-multimodal-cell-segmentation-1-standard,In Situ Gene Expression v1.0,Mouse,colon,cells,Fresh Frozen,Fresh Frozen Mouse Colon with Xenium Multimodal Cell Segmentation,,,
FFPE Human Pancreas with Xenium Multimodal Cell Segmentation,https://www.10xgenomics.com/datasets/ffpe-human-pancreas-with-xenium-multimodal-cell-segmentation-1-standard,In Situ Gene Expression v1.0,Human,pancreas,cells,FFPE,FFPE Human Pancreas with Xenium Multimodal Cell Segmentation,,,
Human Tonsil Data with Xenium Human Multi-Tissue and Cancer Panel,https://www.10xgenomics.com/datasets/human-tonsil-data-xenium-human-multi-tissue-and-cancer-panel-1-standard,In Situ Gene Expression v1.0,Human,tonsil,cells,FFPE,Human Tonsil Data with Xenium Human Multi-Tissue and Cancer Panel,,,
Human Skin Data with Xenium Human Multi-Tissue and Cancer Panel,https://www.10xgenomics.com/datasets/human-skin-data-xenium-human-multi-tissue-and-cancer-panel-1-standard,In Situ Gene Expression v1.0,Human,skin,cells,FFPE,Human Skin Data with Xenium Human Multi-Tissue and Cancer Panel,,,
Human Liver Data with Xenium Human Multi-Tissue and Cancer Panel,https://www.10xgenomics.com/datasets/human-liver-data-xenium-human-multi-tissue-and-cancer-panel-1-standard,In Situ Gene Expression v1.0,Human,liver,cells,FFPE,Human Liver Data with Xenium Human Multi-Tissue and Cancer Panel,,,
Human Heart Data with Xenium Human Multi-Tissue and Cancer Panel,https://www.10xgenomics.com/datasets/human-heart-data-xenium-human-multi-tissue-and-cancer-panel-1-standard,In Situ Gene Expression v1.0,Human,heart,cells,FFPE,Human Heart Data with Xenium Human Multi-Tissue and Cancer Panel,,,
Preview Data: FFPE Human Lung Cancer with Xenium Multimodal Cell Segmentation,https://www.10xgenomics.com/datasets/preview-data-ffpe-human-lung-cancer-with-xenium-multimodal-cell-segmentation-1-standard,In Situ Gene Expression v1.0,Human,lung,cells,FFPE,Preview Data: FFPE Human Lung Cancer with Xenium Multimodal Cell Segmentation,,,
Human Skin Preview Data (Xenium Human Skin Gene Expression Panel with Custom Add-On),https://www.10xgenomics.com/datasets/human-skin-preview-data-xenium-human-skin-gene-expression-panel-add-on-1-standard,In Situ Gene Expression v1.0,Human,skin,cells,FFPE,Human Skin Preview Data (Xenium Human Skin Gene Expression Panel with Custom Add-On),,,
Pancreatic Cancer with Xenium Human Multi-Tissue and Cancer Panel,https://www.10xgenomics.com/datasets/pancreatic-cancer-with-xenium-human-multi-tissue-and-cancer-panel-1-standard,In Situ Gene Expression v1.0,Human,pancreas,cells,FFPE,Pancreatic Cancer with Xenium Human Multi-Tissue and Cancer Panel,,,
Visium CytAssist Gene Expression Libraries of Post-Xenium Human Colon Cancer (FFPE),https://www.10xgenomics.com/datasets/visium-cytassist-gene-expression-libraries-of-post-xenium-human-colon-cancer-ffpe-using-the-human-whole-transcriptome-probe-set-2-standard,Spatial Gene Expression v2,Human,colon,,FFPE,Visium CytAssist Gene Expression Libraries of Post-Xenium Human Colon Cancer (FFPE),,,
Visium CytAssist Gene Expression Libraries of Post-Xenium Mouse Brain (FF),https://www.10xgenomics.com/datasets/visium-cytassist-gene-expression-libraries-of-post-xenium-mouse-brain-ff-using-the-mouse-whole-transcriptome-probe-set-2-standard,Spatial Gene Expression v2,Mouse,brain,,Fresh Frozen,Visium CytAssist Gene Expression Libraries of Post-Xenium Mouse Brain (FF),,,
Human Skin Preview Data (Xenium Human Skin Gene Expression Panel),https://www.10xgenomics.com/datasets/human-skin-preview-data-xenium-human-skin-gene-expression-panel-1-standard,In Situ Gene Expression v1.0,Human,skin,cells,FFPE,Human Skin Preview Data (Xenium Human Skin Gene Expression Panel),,,
Human Colon Preview Data (Xenium Human Colon Gene Expression Panel),https://www.10xgenomics.com/datasets/human-colon-preview-data-xenium-human-colon-gene-expression-panel-1-standard,In Situ Gene Expression v1.0,Human,intestine (colon),cells,FFPE,Human Colon Preview Data (Xenium Human Colon Gene Expression Panel),,,
"Visium CytAssist Gene and Protein Expression Library of Human Tonsil with Add-on Antibodies, H&E, 6.5 mm (FFPE)",https://www.10xgenomics.com/datasets/visium-cytassist-gene-and-protein-expression-library-of-human-tonsil-with-add-on-antibodies-h-e-6-5-mm-ffpe-2-standard,CytAssist Spatial Gene and Protein Expression v2,Human,tonsil,,FFPE,"Visium CytAssist Gene and Protein Expression Library of Human Tonsil with Add-on Antibodies, H&E, 6.5 mm (FFPE)",,,
Whole Mouse Pup Preview Data (Xenium Mouse Tissue Atlassing Panel),https://www.10xgenomics.com/datasets/mouse-pup-preview-data-xenium-mouse-tissue-atlassing-panel-1-standard,In Situ Gene Expression v1.0,Mouse,whole organism,cells,FFPE,Whole Mouse Pup Preview Data (Xenium Mouse Tissue Atlassing Panel),,,
Human Lung Cancer Preview Data (Xenium Human Multi-Tissue and Cancer Panel),https://www.10xgenomics.com/datasets/human-lung-cancer-preview-data-xenium-human-multi-tissue-and-cancer-panel-1-standard,In Situ Gene Expression v1.0,Human,lung,cells,FFPE,Human Lung Cancer Preview Data (Xenium Human Multi-Tissue and Cancer Panel),,,
Human Lymph Node Preview Data (Xenium Human Multi-Tissue and Cancer Panel),https://www.10xgenomics.com/datasets/human-lymph-node-preview-data-xenium-human-multi-tissue-and-cancer-panel-1-standard,In Situ Gene Expression v1.0,Human,lymph node,cells,FFPE,Human Lymph Node Preview Data (Xenium Human Multi-Tissue and Cancer Panel),,,
Human Pancreas Preview Data (Xenium Human Multi-Tissue and Cancer Panel),https://www.10xgenomics.com/datasets/human-pancreas-preview-data-xenium-human-multi-tissue-and-cancer-panel-1-standard,In Situ Gene Expression v1.0,Human,pancreas,cells,FFPE,Human Pancreas Preview Data (Xenium Human Multi-Tissue and Cancer Panel),,,
Human Kidney Preview Data (Xenium Human Multi-Tissue and Cancer Panel),https://www.10xgenomics.com/datasets/human-kidney-preview-data-xenium-human-multi-tissue-and-cancer-panel-1-standard,In Situ Gene Expression v1.0,Human,kidney,cells,FFPE,Human Kidney Preview Data (Xenium Human Multi-Tissue and Cancer Panel),,,
Xenium In Situ Analysis of Alzheimer's Disease Mouse Model Brain Coronal Sections from One Hemisphere Over a Time Course,https://www.10xgenomics.com/datasets/xenium-in-situ-analysis-of-alzheimers-disease-mouse-model-brain-coronal-sections-from-one-hemisphere-over-a-time-course-1-standard,In Situ Gene Expression v1.0,Mouse,brain,cells,FFPE,Xenium In Situ Analysis of Alzheimer's Disease Mouse Model Brain Coronal Sections from One Hemisphere Over a Time Course,,,
"Preservation Method Comparison on Visium CytAssist: Fixed Frozen Mouse Brain (Sagittal), 11 mm Capture Area",https://www.10xgenomics.com/datasets/preservation-method-comparison-on-visium-cytassist-fixed-frozen-mouse-brain-sagittal-11-mm-capture-area-2-standard,Spatial Gene Expression v2,Mouse,brain,,Fixed Frozen,"Preservation Method Comparison on Visium CytAssist: Fixed Frozen Mouse Brain (Sagittal), 11 mm Capture Area",,,
"Preservation Method Comparison on Visium CytAssist: Fresh Frozen Mouse Brain (Sagittal), 11 mm Capture Area",https://www.10xgenomics.com/datasets/preservation-method-comparison-on-visium-cytassist-fresh-frozen-mouse-brain-sagittal-11-mm-capture-area-2-standard,Spatial Gene Expression v2,Mouse,brain,,Fresh Frozen,"Preservation Method Comparison on Visium CytAssist: Fresh Frozen Mouse Brain (Sagittal), 11 mm Capture Area",,,
"Preservation Method Comparison on Visium CytAssist: FFPE Mouse Brain (Sagittal), 11 mm Capture Area",https://www.10xgenomics.com/datasets/preservation-method-comparison-on-visium-cytassist-ffpe-mouse-brain-sagittal-11-mm-capture-area-2-standard,Spatial Gene Expression v2,Mouse,brain,,FFPE,"Preservation Method Comparison on Visium CytAssist: FFPE Mouse Brain (Sagittal), 11 mm Capture Area",,,
"Visium CytAssist, Mouse Embryo, 11 mm Capture Area (FFPE)",https://www.10xgenomics.com/datasets/visium-cytassist-mouse-embryo-11-mm-capture-area-ffpe-2-standard,Spatial Gene Expression v2,Mouse,embryo,,FFPE,"Visium CytAssist, Mouse Embryo, 11 mm Capture Area (FFPE)",,,
Adult Mouse Brain Coronal Section (Fresh Frozen),https://www.10xgenomics.com/datasets/adult-mouse-brain-coronal-section-fresh-frozen-1-standard,Spatial Gene Expression v1.0,Mouse,brain,,Fresh Frozen,Adult Mouse Brain Coronal Section (Fresh Frozen),,,
Adult Mouse Brain Coronal Section (Fresh Frozen),https://www.10xgenomics.com/datasets/adult-mouse-brain-coronal-section-fresh-frozen-1-standard,Spatial Gene Expression v1.0,Mouse,brain,,Fresh Frozen,Adult Mouse Brain Coronal Section (Fresh Frozen),,,
Xenium Human Lung Preview Data,https://www.10xgenomics.com/datasets/xenium-human-lung-preview-data-1-standard,In Situ Gene Expression v1.0,Human,Lung,cells,FFPE,Xenium Human Lung Preview Data,,,
"Visium CytAssist Gene and Protein Expression Library of Human Glioblastoma, IF, 11mm (FFPE)",https://www.10xgenomics.com/datasets/gene-and-protein-expression-library-of-human-glioblastoma-cytassist-ffpe-2-standard,CytAssist Spatial Gene and Protein Expression v2,Human,brain,,FFPE,"Visium CytAssist Gene and Protein Expression Library of Human Glioblastoma, IF, 11mm (FFPE)",,,
"Visium CytAssist Gene and Protein Expression Library of Human Breast Cancer, IF, 6.5mm (FFPE)",https://www.10xgenomics.com/datasets/gene-and-protein-expression-library-of-human-breast-cancer-cytassist-ffpe-2-standard,CytAssist Spatial Gene and Protein Expression v2,Human,breast,,FFPE,"Visium CytAssist Gene and Protein Expression Library of Human Breast Cancer, IF, 6.5mm (FFPE)",,,
"Visium CytAssist Gene and Protein Expression Library of Human Tonsil, H&E, 6.5 mm (FFPE)",https://www.10xgenomics.com/datasets/gene-protein-expression-library-of-human-tonsil-cytassist-ffpe-2-standard,CytAssist Spatial Gene and Protein Expression v2,Human,tonsil,,FFPE,"Visium CytAssist Gene and Protein Expression Library of Human Tonsil, H&E, 6.5 mm (FFPE)",,,
Xenium Human Brain Preview Data,https://www.10xgenomics.com/datasets/xenium-human-brain-preview-data-1-standard,In Situ Gene Expression v1.0,Human,brain,cells,FFPE,Xenium Human Brain Preview Data,,,
Xenium FFPE Human Breast with Custom Add-on Panel,https://www.10xgenomics.com/datasets/xenium-ffpe-human-breast-with-custom-add-on-panel-1-standard,In Situ Gene Expression v1.0,Human,breast,Cells,FFPE,Xenium FFPE Human Breast with Custom Add-on Panel,,,
"Preservation Method Comparison on CytAssist: FFPE Mouse Brain (Sagittal), 11 mm Capture Area",https://www.10xgenomics.com/datasets/ffpe-visium-on-cytassist-mouse-brain-probe-based-whole-transcriptome-profiling-2-standard,Spatial Gene Expression v2,Mouse,brain,,FFPE,"Preservation Method Comparison on CytAssist: FFPE Mouse Brain (Sagittal), 11 mm Capture Area",,,
"Preservation Method Comparison on CytAssist: Fresh Frozen Mouse Brain (Sagittal), 11 mm Capture Area",https://www.10xgenomics.com/datasets/fresh-frozen-visium-on-cytassist-mouse-brain-probe-based-whole-transcriptome-profiling-2-standard-1,Spatial Gene Expression v2,Mouse,brain,,Fresh Frozen,"Preservation Method Comparison on CytAssist: Fresh Frozen Mouse Brain (Sagittal), 11 mm Capture Area",,,
"Preservation Method Comparison on CytAssist: Fixed Frozen Mouse Brain (Sagittal), 11 mm Capture Area",https://www.10xgenomics.com/datasets/fixed-frozen-visium-on-cytassist-mouse-brain-probe-based-whole-transcriptome-profiling-2-standard,Spatial Gene Expression v2,Mouse,brain,,Fixed Frozen,"Preservation Method Comparison on CytAssist: Fixed Frozen Mouse Brain (Sagittal), 11 mm Capture Area",,,
Mouse Tissue Microarray in 3x3 Layout with 2 mm Edge to Edge Spacing (FFPE),https://www.10xgenomics.com/datasets/mouse-tissue-microarray-in-3x3-layout-with-2-mm-edge-to-edge-spacing-ffpe-2-standard,Spatial Gene Expression v2,Mouse,"lung, brain",,FFPE,Mouse Tissue Microarray in 3x3 Layout with 2 mm Edge to Edge Spacing (FFPE),,,
Mouse Tissue Microarray in 5x5 Layout with 1 mm Edge to Edge Spacing (FFPE),https://www.10xgenomics.com/datasets/mouse-tissue-microarray-in-5x5-layout-with-1-mm-edge-to-edge-spacing-ffpe-2-standard,Spatial Gene Expression v2,Mouse,"kidney, brain",,FFPE,Mouse Tissue Microarray in 5x5 Layout with 1 mm Edge to Edge Spacing (FFPE),,,
Mouse Tissue Microarray in 3x3 Layout with 1 mm Edge to Edge Spacing (FFPE),https://www.10xgenomics.com/datasets/mouse-tissue-microarray-in-3x3-layout-with-1-mm-edge-to-edge-spacing-ffpe-2-standard,Spatial Gene Expression v2,Mouse,"lung, brain",,FFPE,Mouse Tissue Microarray in 3x3 Layout with 1 mm Edge to Edge Spacing (FFPE),,,
"Human Brain Cancer, 11 mm Capture Area (FFPE)",https://www.10xgenomics.com/datasets/human-brain-cancer-11-mm-capture-area-ffpe-2-standard,Spatial Gene Expression v2,Human,brain,,FFPE,"Human Brain Cancer, 11 mm Capture Area (FFPE)",,,
"Human Lung Cancer, 11 mm Capture Area (FFPE)",https://www.10xgenomics.com/datasets/human-lung-cancer-11-mm-capture-area-ffpe-2-standard,Spatial Gene Expression v2,Human,lung,,FFPE,"Human Lung Cancer, 11 mm Capture Area (FFPE)",,,
"Human Kidney, 11 mm Capture Area (FFPE)",https://www.10xgenomics.com/datasets/human-kidney-11-mm-capture-area-ffpe-2-standard,Spatial Gene Expression v2,Human,kidney,,FFPE,"Human Kidney, 11 mm Capture Area (FFPE)",,,
"Human Colorectal Cancer, 11 mm Capture Area (FFPE)",https://www.10xgenomics.com/datasets/human-colorectal-cancer-11-mm-capture-area-ffpe-2-standard,Spatial Gene Expression v2,Human,colorectal,,FFPE,"Human Colorectal Cancer, 11 mm Capture Area (FFPE)",,,
Fresh Frozen Mouse Brain Replicates,https://www.10xgenomics.com/datasets/fresh-frozen-mouse-brain-replicates-1-standard,In Situ Gene Expression v1.0,Mouse,brain,Cells,Fresh Frozen,Fresh Frozen Mouse Brain Replicates,,,
FFPE Human Breast using the Entire Sample Area,https://www.10xgenomics.com/datasets/ffpe-human-breast-using-the-entire-sample-area-1-standard,In Situ Gene Expression v1.0,Human,breast,Cells,FFPE,FFPE Human Breast using the Entire Sample Area,,,
FFPE Human Breast with Custom Add-on Panel,https://www.10xgenomics.com/datasets/ffpe-human-breast-with-custom-add-on-panel-1-standard,In Situ Gene Expression v1.0,Human,breast,Cells,FFPE,FFPE Human Breast with Custom Add-on Panel,,,
FFPE Human Breast with Pre-designed Panel,https://www.10xgenomics.com/datasets/ffpe-human-breast-with-pre-designed-panel-1-standard,In Situ Gene Expression v1.0,Human,breast,Cells,FFPE,FFPE Human Breast with Pre-designed Panel,,,
Fresh Frozen Mouse Brain for Xenium Explorer Demo,https://www.10xgenomics.com/datasets/fresh-frozen-mouse-brain-for-xenium-explorer-demo-1-standard,In Situ Gene Expression v1.0,Mouse,brain,Cells,Fresh Frozen,Fresh Frozen Mouse Brain for Xenium Explorer Demo,,,
"Fresh Frozen Visium on CytAssist: Mouse Brain, Probe-Based Whole Transcriptome Profiling",https://www.10xgenomics.com/datasets/fresh-frozen-visium-on-cytassist-mouse-brain-probe-based-whole-transcriptome-profiling-2-standard,Spatial Gene Expression v2,Mouse,brain,,Fresh Frozen,"Fresh Frozen Visium on CytAssist: Mouse Brain, Probe-Based Whole Transcriptome Profiling",,,
"Fresh Frozen Visium on CytAssist: Human Breast Cancer, Probe-Based Whole Transcriptome Profiling",https://www.10xgenomics.com/datasets/fresh-frozen-visium-on-cytassist-human-breast-cancer-probe-based-whole-transcriptome-profiling-2-standard,Spatial Gene Expression v2,Human,breast,,Fresh Frozen,"Fresh Frozen Visium on CytAssist: Human Breast Cancer, Probe-Based Whole Transcriptome Profiling",,,
Adult Mouse Brain Coronal Section (Fresh Frozen),https://www.10xgenomics.com/datasets/adult-mouse-brain-coronal-section-visium-ff-1-standard,Spatial Gene Expression v1.0,Mouse,brain,,Fresh Frozen,Adult Mouse Brain Coronal Section (Fresh Frozen),,,
Adult Mouse Brain Coronal Section (Fresh Frozen),https://www.10xgenomics.com/datasets/adult-mouse-brain-coronal-section-visium-ff-1-standard,Spatial Gene Expression v1.0,Mouse,brain,,Fresh Frozen,Adult Mouse Brain Coronal Section (Fresh Frozen),,,
"Mouse Embryo, 11 mm Capture Area (FFPE)",https://www.10xgenomics.com/datasets/mouse-embryo-11-mm-capture-area-ffpe-2-standard,Spatial Gene Expression v2,Mouse,embryo,,FFPE,"Mouse Embryo, 11 mm Capture Area (FFPE)",,,
"Human Ovarian Cancer, 11 mm Capture Area (FFPE)",https://www.10xgenomics.com/datasets/human-ovarian-cancer-11-mm-capture-area-ffpe-2-standard,Spatial Gene Expression v2,Human,ovary,,FFPE,"Human Ovarian Cancer, 11 mm Capture Area (FFPE)",,,
Aggregate of Mouse Brain Sections: CytAssist for FFPE,https://www.10xgenomics.com/datasets/aggregate-of-mouse-brain-sections-cytassist-for-ffpe-2-standard,Spatial Gene Expression v2,Mouse,brain,,FFPE,Aggregate of Mouse Brain Sections: CytAssist for FFPE,,,
"Aggregate of Mouse Brain Sections: Visium Fresh Frozen, Whole Transcriptome",https://www.10xgenomics.com/datasets/aggregate-of-mouse-brain-sections-visium-fresh-frozen-whole-transcriptome-1-standard,Spatial Gene Expression v1.0,Mouse,brain,,Fresh Frozen,"Aggregate of Mouse Brain Sections: Visium Fresh Frozen, Whole Transcriptome",,,
Human Lung Cancer (FFPE),https://www.10xgenomics.com/datasets/human-lung-cancer-ffpe-2-standard,Spatial Gene Expression v2,Human,lung,,FFPE,Human Lung Cancer (FFPE),,,
Mouse Brain Coronal Section 2 (FFPE),https://www.10xgenomics.com/datasets/mouse-brain-coronal-section-2-ffpe-2-standard,Spatial Gene Expression v2,Mouse,brain,,FFPE,Mouse Brain Coronal Section 2 (FFPE),,,
Mouse Brain Coronal Section 1 (FFPE),https://www.10xgenomics.com/datasets/mouse-brain-coronal-section-1-ffpe-2-standard,Spatial Gene Expression v2,Mouse,brain,,FFPE,Mouse Brain Coronal Section 1 (FFPE),,,
"Human Melanoma, IF Stained (FFPE)",https://www.10xgenomics.com/datasets/human-melanoma-if-stained-ffpe-2-standard,Spatial Gene Expression v2,Human,skin,,FFPE,"Human Melanoma, IF Stained (FFPE)",,,
Adult Mouse Olfactory Bulb,https://www.10xgenomics.com/datasets/adult-mouse-olfactory-bulb-1-standard-1,Spatial Gene Expression v1.0,Mouse,olfactory bulb,,Fresh Frozen,Adult Mouse Olfactory Bulb,,,
Adult Mouse Olfactory Bulb,https://www.10xgenomics.com/datasets/adult-mouse-olfactory-bulb-1-standard-1,Spatial Gene Expression v1.0,Mouse,olfactory bulb,,Fresh Frozen,Adult Mouse Olfactory Bulb,,,
"Human Prostate Cancer, Adjacent Normal Section with IF Staining (FFPE)",https://www.10xgenomics.com/datasets/human-prostate-cancer-adjacent-normal-section-with-if-staining-ffpe-1-standard,Spatial Gene Expression v1.0,Human,prostate,,FFPE,"Human Prostate Cancer, Adjacent Normal Section with IF Staining (FFPE)",,,
"Human Prostate Cancer, Adjacent Normal Section with IF Staining (FFPE)",https://www.10xgenomics.com/datasets/human-prostate-cancer-adjacent-normal-section-with-if-staining-ffpe-1-standard,Spatial Gene Expression v1.0,Human,prostate,,FFPE,"Human Prostate Cancer, Adjacent Normal Section with IF Staining (FFPE)",,,
"Human Cerebellum: Targeted, Neuroscience Panel",https://www.10xgenomics.com/datasets/human-cerebellum-targeted-neuroscience-panel-1-standard,Spatial Gene Expression v1.0,Human,cerebellum,,Fresh Frozen,"Human Cerebellum: Targeted, Neuroscience Panel",,,
"Human Cerebellum: Targeted, Neuroscience Panel",https://www.10xgenomics.com/datasets/human-cerebellum-targeted-neuroscience-panel-1-standard,Spatial Gene Expression v1.0,Human,cerebellum,,Fresh Frozen,"Human Cerebellum: Targeted, Neuroscience Panel",,,
Mouse Brain Serial Section 2 (Sagittal-Anterior),https://www.10xgenomics.com/datasets/mouse-brain-serial-section-2-sagittal-anterior-1-standard,Spatial Gene Expression v1.0,Mouse,brain,,Fresh Frozen,Mouse Brain Serial Section 2 (Sagittal-Anterior),,,
Mouse Brain Serial Section 2 (Sagittal-Anterior),https://www.10xgenomics.com/datasets/mouse-brain-serial-section-2-sagittal-anterior-1-standard,Spatial Gene Expression v1.0,Mouse,brain,,Fresh Frozen,Mouse Brain Serial Section 2 (Sagittal-Anterior),,,
Mouse Brain Serial Section 2 (Sagittal-Anterior),https://www.10xgenomics.com/datasets/mouse-brain-serial-section-2-sagittal-anterior-1-standard,Spatial Gene Expression v1.0,Mouse,brain,,Fresh Frozen,Mouse Brain Serial Section 2 (Sagittal-Anterior),,,
Mouse Brain Serial Section 2 (Sagittal-Posterior),https://www.10xgenomics.com/datasets/mouse-brain-serial-section-2-sagittal-posterior-1-standard,Spatial Gene Expression v1.0,Mouse,brain,,Fresh Frozen,Mouse Brain Serial Section 2 (Sagittal-Posterior),,,
Mouse Brain Serial Section 2 (Sagittal-Posterior),https://www.10xgenomics.com/datasets/mouse-brain-serial-section-2-sagittal-posterior-1-standard,Spatial Gene Expression v1.0,Mouse,brain,,Fresh Frozen,Mouse Brain Serial Section 2 (Sagittal-Posterior),,,
Mouse Brain Serial Section 2 (Sagittal-Posterior),https://www.10xgenomics.com/datasets/mouse-brain-serial-section-2-sagittal-posterior-1-standard,Spatial Gene Expression v1.0,Mouse,brain,,Fresh Frozen,Mouse Brain Serial Section 2 (Sagittal-Posterior),,,
"Human Breast Cancer: Visium Fresh Frozen, Whole Transcriptome",https://www.10xgenomics.com/datasets/human-breast-cancer-visium-fresh-frozen-whole-transcriptome-1-standard,Spatial Gene Expression v1.0,Human,breast,,Fresh Frozen,"Human Breast Cancer: Visium Fresh Frozen, Whole Transcriptome",,,
Mouse Brain Section (Coronal),https://www.10xgenomics.com/datasets/mouse-brain-section-coronal-1-standard,Spatial Gene Expression v1.0,Mouse,brain,,Fresh Frozen,Mouse Brain Section (Coronal),,,
Mouse Brain Section (Coronal),https://www.10xgenomics.com/datasets/mouse-brain-section-coronal-1-standard,Spatial Gene Expression v1.0,Mouse,brain,,Fresh Frozen,Mouse Brain Section (Coronal),,,
Mouse Brain Section (Coronal),https://www.10xgenomics.com/datasets/mouse-brain-section-coronal-1-standard,Spatial Gene Expression v1.0,Mouse,brain,,Fresh Frozen,Mouse Brain Section (Coronal),,,
Human Ovarian Cancer (FFPE),https://www.10xgenomics.com/datasets/human-ovarian-cancer-1-standard,Spatial Gene Expression v1.0,Human,ovary,,FFPE,Human Ovarian Cancer (FFPE),,,
Human Cervical Cancer (FFPE),https://www.10xgenomics.com/datasets/human-cervical-cancer-1-standard,Spatial Gene Expression v1.0,Human,cervix,,FFPE,Human Cervical Cancer (FFPE),,,
Human Intestine Cancer (FPPE),https://www.10xgenomics.com/datasets/human-intestine-cancer-1-standard,Spatial Gene Expression v1.0,Human,large intestine,,FFPE,Human Intestine Cancer (FPPE),,,
Adult Mouse Olfactory Bulb,https://www.10xgenomics.com/datasets/adult-mouse-olfactory-bulb-1-standard,Spatial Gene Expression v1.0,Mouse,olfactory bulb,,Fresh Frozen,Adult Mouse Olfactory Bulb,,,
Adult Mouse Olfactory Bulb,https://www.10xgenomics.com/datasets/adult-mouse-olfactory-bulb-1-standard,Spatial Gene Expression v1.0,Mouse,olfactory bulb,,Fresh Frozen,Adult Mouse Olfactory Bulb,,,
Multiomic Integration Neuroscience Application Note: Visium for FFPE Plus Immunofluorescence Alzheimer's Disease Mouse Model Brain Coronal Sections from One Hemisphere Over a Time Course,https://www.10xgenomics.com/datasets/multiomic-integration-neuroscience-application-note-visium-for-ffpe-plus-immunofluorescence-alzheimers-disease-mouse-model-brain-coronal-sections-from-one-hemisphere-over-a-time-course-1-standard,Spatial Gene Expression v1.0,Mouse,brain,,FFPE,Multiomic Integration Neuroscience Application Note: Visium for FFPE Plus Immunofluorescence Alzheimer's Disease Mouse Model Brain Coronal Sections from One Hemisphere Over a Time Course,,,
"Human Prostate Cancer, Acinar Cell Carcinoma (FFPE)",https://www.10xgenomics.com/datasets/human-prostate-cancer-acinar-cell-carcinoma-ffpe-1-standard,Spatial Gene Expression v1.0,Human,prostate,,FFPE,"Human Prostate Cancer, Acinar Cell Carcinoma (FFPE)",,,
Adult Mouse Kidney (FFPE),https://www.10xgenomics.com/datasets/adult-mouse-kidney-ffpe-1-standard-1-3-0,Spatial Gene Expression v1.0,Mouse,kidney,,FFPE,Adult Mouse Kidney (FFPE),,,
"Adult Mouse Brain, IF Stained (FFPE)",https://www.10xgenomics.com/datasets/adult-mouse-brain-if-stained-ffpe-1-standard-1-3-0,Spatial Gene Expression v1.0,Mouse,brain,,FFPE,"Adult Mouse Brain, IF Stained (FFPE)",,,
Adult Mouse Brain (FFPE),https://www.10xgenomics.com/datasets/adult-mouse-brain-ffpe-1-standard-1-3-0,Spatial Gene Expression v1.0,Mouse,brain,,FFPE,Adult Mouse Brain (FFPE),,,
"Human Prostate Cancer, Adjacent Normal Section with IF Staining (FFPE)",https://www.10xgenomics.com/datasets/human-prostate-cancer-adjacent-normal-section-with-if-staining-ffpe-1-standard-1-3-0,Spatial Gene Expression v1.0,Human,prostate,,FFPE,"Human Prostate Cancer, Adjacent Normal Section with IF Staining (FFPE)",,,
"Human Prostate Cancer, Adjacent Normal Section with IF Staining (FFPE)",https://www.10xgenomics.com/datasets/human-prostate-cancer-adjacent-normal-section-with-if-staining-ffpe-1-standard-1-3-0,Spatial Gene Expression v1.0,Human,prostate,,FFPE,"Human Prostate Cancer, Adjacent Normal Section with IF Staining (FFPE)",,,
Normal Human Prostate (FFPE),https://www.10xgenomics.com/datasets/normal-human-prostate-ffpe-1-standard-1-3-0,Spatial Gene Expression v1.0,Human,prostate,,FFPE,Normal Human Prostate (FFPE),,,
"Human Prostate Cancer, Adenocarcinoma with Invasive Carcinoma (FFPE)",https://www.10xgenomics.com/datasets/human-prostate-cancer-adenocarcinoma-with-invasive-carcinoma-ffpe-1-standard-1-3-0,Spatial Gene Expression v1.0,Human,prostate,,FFPE,"Human Prostate Cancer, Adenocarcinoma with Invasive Carcinoma (FFPE)",,,
"Human Breast Cancer: Ductal Carcinoma In Situ, Invasive Carcinoma (FFPE)",https://www.10xgenomics.com/datasets/human-breast-cancer-ductal-carcinoma-in-situ-invasive-carcinoma-ffpe-1-standard-1-3-0,Spatial Gene Expression v1.0,Human,breast,,FFPE,"Human Breast Cancer: Ductal Carcinoma In Situ, Invasive Carcinoma (FFPE)",,,
Invasive Ductal Carcinoma Stained With Fluorescent CD3 Antibody,https://www.10xgenomics.com/datasets/invasive-ductal-carcinoma-stained-with-fluorescent-cd-3-antibody-1-standard-1-2-0,Spatial Gene Expression v1.0,Human,breast,,Fresh Frozen,Invasive Ductal Carcinoma Stained With Fluorescent CD3 Antibody,,,
"Human Spinal Cord: Whole Transcriptome Analysis. Stains: DAPI, Anti-SNAP25, Anti-GFAP, Anti-Myelin CNPase",https://www.10xgenomics.com/datasets/human-spinal-cord-whole-transcriptome-analysis-stains-dapi-anti-snap-25-anti-gfap-anti-myelin-cn-pase-1-standard-1-2-0,Spatial Gene Expression v1.0,Human,spinal cord,,Fresh Frozen,"Human Spinal Cord: Whole Transcriptome Analysis. Stains: DAPI, Anti-SNAP25, Anti-GFAP, Anti-Myelin CNPase",,,
"Human Spinal Cord: Targeted, Neuroscience Panel. Stains: DAPI, Anti-SNAP25, Anti-GFAP, Anti-Myelin CNPase",https://www.10xgenomics.com/datasets/human-spinal-cord-targeted-neuroscience-panel-stains-dapi-anti-snap-25-anti-gfap-anti-myelin-cn-pase-1-standard-1-2-0,Spatial Gene Expression v1.0,Human,spinal cord,,Fresh Frozen,"Human Spinal Cord: Targeted, Neuroscience Panel. Stains: DAPI, Anti-SNAP25, Anti-GFAP, Anti-Myelin CNPase",,,
"Human Ovarian Cancer: Whole Transcriptome Analysis. Stains: DAPI, Anti-PanCK, Anti-CD45",https://www.10xgenomics.com/datasets/human-ovarian-cancer-whole-transcriptome-analysis-stains-dapi-anti-pan-ck-anti-cd-45-1-standard-1-2-0,Spatial Gene Expression v1.0,Human,ovary,,Fresh Frozen,"Human Ovarian Cancer: Whole Transcriptome Analysis. Stains: DAPI, Anti-PanCK, Anti-CD45",,,
"Human Ovarian Cancer: Targeted, Pan-Cancer Panel. Stains: DAPI, Anti-PanCK, Anti-CD45",https://www.10xgenomics.com/datasets/human-ovarian-cancer-targeted-pan-cancer-panel-stains-dapi-anti-pan-ck-anti-cd-45-1-standard-1-2-0,Spatial Gene Expression v1.0,Human,ovary,,Fresh Frozen,"Human Ovarian Cancer: Targeted, Pan-Cancer Panel. Stains: DAPI, Anti-PanCK, Anti-CD45",,,
"Human Ovarian Cancer: Targeted, Immunology Panel.  Stains: DAPI, Anti-PanCK, Anti-CD45",https://www.10xgenomics.com/datasets/human-ovarian-cancer-targeted-immunology-panel-stains-dapi-anti-pan-ck-anti-cd-45-1-standard-1-2-0,Spatial Gene Expression v1.0,Human,ovary,,Fresh Frozen,"Human Ovarian Cancer: Targeted, Immunology Panel.  Stains: DAPI, Anti-PanCK, Anti-CD45",,,
"Human Ovarian Cancer: Targeted-Compare, Immunology Panel. Stains: DAPI, Anti-PanCK, Anti-CD45",https://www.10xgenomics.com/datasets/human-ovarian-cancer-targeted-compare-immunology-panel-stains-dapi-anti-pan-ck-anti-cd-45-1-standard-1-2-0,Spatial Gene Expression v1.0,Human,ovary,,Fresh Frozen,"Human Ovarian Cancer: Targeted-Compare, Immunology Panel. Stains: DAPI, Anti-PanCK, Anti-CD45",,,
Human Glioblastoma: Whole Transcriptome Analysis,https://www.10xgenomics.com/datasets/human-glioblastoma-whole-transcriptome-analysis-1-standard-1-2-0,Spatial Gene Expression v1.0,Human,brain,,Fresh Frozen,Human Glioblastoma: Whole Transcriptome Analysis,,,
"Human Glioblastoma: Targeted, Pan-Cancer Panel",https://www.10xgenomics.com/datasets/human-glioblastoma-targeted-pan-cancer-panel-1-standard-1-2-0,Spatial Gene Expression v1.0,Human,brain,,Fresh Frozen,"Human Glioblastoma: Targeted, Pan-Cancer Panel",,,
Human Colorectal Cancer: Whole Transcriptome Analysis,https://www.10xgenomics.com/datasets/human-colorectal-cancer-whole-transcriptome-analysis-1-standard-1-2-0,Spatial Gene Expression v1.0,Human,large intestine,,Fresh Frozen,Human Colorectal Cancer: Whole Transcriptome Analysis,,,
"Human Colorectal Cancer: Targeted, Gene Signature Panel",https://www.10xgenomics.com/datasets/human-colorectal-cancer-targeted-gene-signature-panel-1-standard-1-2-0,Spatial Gene Expression v1.0,Human,large intestine,,Fresh Frozen,"Human Colorectal Cancer: Targeted, Gene Signature Panel",,,
Human Cerebellum: Whole Transcriptome Analysis,https://www.10xgenomics.com/datasets/human-cerebellum-whole-transcriptome-analysis-1-standard-1-2-0,Spatial Gene Expression v1.0,Human,"brain, cerebellum",,Fresh Frozen,Human Cerebellum: Whole Transcriptome Analysis,,,
"Human Cerebellum: Targeted, Neuroscience Panel",https://www.10xgenomics.com/datasets/human-cerebellum-targeted-neuroscience-panel-1-standard-1-2-0,Spatial Gene Expression v1.0,Human,"brain, cerebellum",,Fresh Frozen,"Human Cerebellum: Targeted, Neuroscience Panel",,,
"Human Cerebellum: Targeted, Neuroscience Panel",https://www.10xgenomics.com/datasets/human-cerebellum-targeted-neuroscience-panel-1-standard-1-2-0,Spatial Gene Expression v1.0,Human,"brain, cerebellum",,Fresh Frozen,"Human Cerebellum: Targeted, Neuroscience Panel",,,
"Human Cerebellum: Targeted-Compare, Neuroscience Panel",https://www.10xgenomics.com/datasets/human-cerebellum-targeted-compare-neuroscience-panel-1-standard-1-2-0,Spatial Gene Expression v1.0,Human,"brain, cerebellum",,Fresh Frozen,"Human Cerebellum: Targeted-Compare, Neuroscience Panel",,,
Human Breast Cancer: Whole Transcriptome Analysis,https://www.10xgenomics.com/datasets/human-breast-cancer-whole-transcriptome-analysis-1-standard-1-2-0,Spatial Gene Expression v1.0,Human,breast,,Fresh Frozen,Human Breast Cancer: Whole Transcriptome Analysis,,,
"Human Breast Cancer: Targeted, Immunology Panel",https://www.10xgenomics.com/datasets/human-breast-cancer-targeted-immunology-panel-1-standard-1-2-0,Spatial Gene Expression v1.0,Human,breast,,Fresh Frozen,"Human Breast Cancer: Targeted, Immunology Panel",,,
Mouse Kidney Section (Coronal),https://www.10xgenomics.com/datasets/mouse-kidney-section-coronal-1-standard-1-1-0,Spatial Gene Expression v1.0,Mouse,kidney,,Fresh Frozen,Mouse Kidney Section (Coronal),,,
Mouse Kidney Section (Coronal),https://www.10xgenomics.com/datasets/mouse-kidney-section-coronal-1-standard-1-1-0,Spatial Gene Expression v1.0,Mouse,kidney,,Fresh Frozen,Mouse Kidney Section (Coronal),,,
Mouse Brain Serial Section 2 (Sagittal-Posterior),https://www.10xgenomics.com/datasets/mouse-brain-serial-section-2-sagittal-posterior-1-standard-1-1-0,Spatial Gene Expression v1.0,Mouse,brain,,Fresh Frozen,Mouse Brain Serial Section 2 (Sagittal-Posterior),,,
Mouse Brain Serial Section 2 (Sagittal-Posterior),https://www.10xgenomics.com/datasets/mouse-brain-serial-section-2-sagittal-posterior-1-standard-1-1-0,Spatial Gene Expression v1.0,Mouse,brain,,Fresh Frozen,Mouse Brain Serial Section 2 (Sagittal-Posterior),,,
Mouse Brain Serial Section 2 (Sagittal-Posterior),https://www.10xgenomics.com/datasets/mouse-brain-serial-section-2-sagittal-posterior-1-standard-1-1-0,Spatial Gene Expression v1.0,Mouse,brain,,Fresh Frozen,Mouse Brain Serial Section 2 (Sagittal-Posterior),,,
Mouse Brain Serial Section 2 (Sagittal-Anterior),https://www.10xgenomics.com/datasets/mouse-brain-serial-section-2-sagittal-anterior-1-standard-1-1-0,Spatial Gene Expression v1.0,Mouse,brain,,Fresh Frozen,Mouse Brain Serial Section 2 (Sagittal-Anterior),,,
Mouse Brain Serial Section 2 (Sagittal-Anterior),https://www.10xgenomics.com/datasets/mouse-brain-serial-section-2-sagittal-anterior-1-standard-1-1-0,Spatial Gene Expression v1.0,Mouse,brain,,Fresh Frozen,Mouse Brain Serial Section 2 (Sagittal-Anterior),,,
Mouse Brain Serial Section 2 (Sagittal-Anterior),https://www.10xgenomics.com/datasets/mouse-brain-serial-section-2-sagittal-anterior-1-standard-1-1-0,Spatial Gene Expression v1.0,Mouse,brain,,Fresh Frozen,Mouse Brain Serial Section 2 (Sagittal-Anterior),,,
Mouse Brain Serial Section 1 (Sagittal-Posterior),https://www.10xgenomics.com/datasets/mouse-brain-serial-section-1-sagittal-posterior-1-standard-1-1-0,Spatial Gene Expression v1.0,Mouse,brain,,Fresh Frozen,Mouse Brain Serial Section 1 (Sagittal-Posterior),,,
Mouse Brain Serial Section 1 (Sagittal-Posterior),https://www.10xgenomics.com/datasets/mouse-brain-serial-section-1-sagittal-posterior-1-standard-1-1-0,Spatial Gene Expression v1.0,Mouse,brain,,Fresh Frozen,Mouse Brain Serial Section 1 (Sagittal-Posterior),,,
Mouse Brain Serial Section 1 (Sagittal-Anterior),https://www.10xgenomics.com/datasets/mouse-brain-serial-section-1-sagittal-anterior-1-standard-1-1-0,Spatial Gene Expression v1.0,Mouse,brain,,Fresh Frozen,Mouse Brain Serial Section 1 (Sagittal-Anterior),,,
Mouse Brain Serial Section 1 (Sagittal-Anterior),https://www.10xgenomics.com/datasets/mouse-brain-serial-section-1-sagittal-anterior-1-standard-1-1-0,Spatial Gene Expression v1.0,Mouse,brain,,Fresh Frozen,Mouse Brain Serial Section 1 (Sagittal-Anterior),,,
Mouse Brain Section (Coronal),https://www.10xgenomics.com/datasets/mouse-brain-section-coronal-1-standard-1-1-0,Spatial Gene Expression v1.0,Mouse,brain,,Fresh Frozen,Mouse Brain Section (Coronal),,,
Mouse Brain Section (Coronal),https://www.10xgenomics.com/datasets/mouse-brain-section-coronal-1-standard-1-1-0,Spatial Gene Expression v1.0,Mouse,brain,,Fresh Frozen,Mouse Brain Section (Coronal),,,
Mouse Brain Section (Coronal),https://www.10xgenomics.com/datasets/mouse-brain-section-coronal-1-standard-1-1-0,Spatial Gene Expression v1.0,Mouse,brain,,Fresh Frozen,Mouse Brain Section (Coronal),,,
Human Lymph Node,https://www.10xgenomics.com/datasets/human-lymph-node-1-standard-1-1-0,Spatial Gene Expression v1.0,Human,lymph node,,Fresh Frozen,Human Lymph Node,,,
Human Lymph Node,https://www.10xgenomics.com/datasets/human-lymph-node-1-standard-1-1-0,Spatial Gene Expression v1.0,Human,lymph node,,Fresh Frozen,Human Lymph Node,,,
Human Heart,https://www.10xgenomics.com/datasets/human-heart-1-standard-1-1-0,Spatial Gene Expression v1.0,Human,heart,,Fresh Frozen,Human Heart,,,
Human Heart,https://www.10xgenomics.com/datasets/human-heart-1-standard-1-1-0,Spatial Gene Expression v1.0,Human,heart,,Fresh Frozen,Human Heart,,,
Human Breast Cancer (Block A Section 2),https://www.10xgenomics.com/datasets/human-breast-cancer-block-a-section-2-1-standard-1-1-0,Spatial Gene Expression v1.0,Human,breast,,Fresh Frozen,Human Breast Cancer (Block A Section 2),,,
Human Breast Cancer (Block A Section 2),https://www.10xgenomics.com/datasets/human-breast-cancer-block-a-section-2-1-standard-1-1-0,Spatial Gene Expression v1.0,Human,breast,,Fresh Frozen,Human Breast Cancer (Block A Section 2),,,
Human Breast Cancer (Block A Section 1),https://www.10xgenomics.com/datasets/human-breast-cancer-block-a-section-1-1-standard-1-1-0,Spatial Gene Expression v1.0,Human,breast,,Fresh Frozen,Human Breast Cancer (Block A Section 1),,,
Human Breast Cancer (Block A Section 1),https://www.10xgenomics.com/datasets/human-breast-cancer-block-a-section-1-1-standard-1-1-0,Spatial Gene Expression v1.0,Human,breast,,Fresh Frozen,Human Breast Cancer (Block A Section 1),,,
"Adult Mouse Brain Section 2 (Coronal). Stains: DAPI, Anti-GFAP, Anti-NeuN",https://www.10xgenomics.com/datasets/adult-mouse-brain-section-2-coronal-stains-dapi-anti-gfap-anti-neu-n-1-standard-1-1-0,Spatial Gene Expression v1.0,Mouse,brain,,Fresh Frozen,"Adult Mouse Brain Section 2 (Coronal). Stains: DAPI, Anti-GFAP, Anti-NeuN",,,
"Adult Mouse Brain Section 1 (Coronal). Stains: DAPI, Anti-NeuN",https://www.10xgenomics.com/datasets/adult-mouse-brain-section-1-coronal-stains-dapi-anti-neu-n-1-standard-1-1-0,Spatial Gene Expression v1.0,Mouse,brain,,Fresh Frozen,"Adult Mouse Brain Section 1 (Coronal). Stains: DAPI, Anti-NeuN",,,
"Adult Human Brain 2 (Cerebral Cortex, Unknown orientation). Stains: Anti-SNAP25, Anti-NFH",https://www.10xgenomics.com/datasets/adult-human-brain-2-cerebral-cortex-unknown-orientation-stains-anti-snap-25-anti-nfh-1-standard-1-1-0,Spatial Gene Expression v1.0,Human,brain,,Fresh Frozen,"Adult Human Brain 2 (Cerebral Cortex, Unknown orientation). Stains: Anti-SNAP25, Anti-NFH",,,
"Adult Human Brain 1 (Cerebral Cortex, Unknown orientation). Stains: Anti-GFAP, Anti-NFH",https://www.10xgenomics.com/datasets/adult-human-brain-1-cerebral-cortex-unknown-orientation-stains-anti-gfap-anti-nfh-1-standard-1-1-0,Spatial Gene Expression v1.0,Human,brain,,Fresh Frozen,"Adult Human Brain 1 (Cerebral Cortex, Unknown orientation). Stains: Anti-GFAP, Anti-NFH",,,
Human Lymph Node,https://www.10xgenomics.com/datasets/human-lymph-node-1-standard-1-0-0,Spatial Gene Expression v1.0,Human,lymph node,,Fresh Frozen,Human Lymph Node,,,
Human Lymph Node,https://www.10xgenomics.com/datasets/human-lymph-node-1-standard-1-0-0,Spatial Gene Expression v1.0,Human,lymph node,,Fresh Frozen,Human Lymph Node,,,
Human Heart,https://www.10xgenomics.com/datasets/human-heart-1-standard-1-0-0,Spatial Gene Expression v1.0,Human,heart,,Fresh Frozen,Human Heart,,,
Human Heart,https://www.10xgenomics.com/datasets/human-heart-1-standard-1-0-0,Spatial Gene Expression v1.0,Human,heart,,Fresh Frozen,Human Heart,,,
Human Breast Cancer (Block A Section 2),https://www.10xgenomics.com/datasets/human-breast-cancer-block-a-section-2-1-standard-1-0-0,Spatial Gene Expression v1.0,Human,breast,,Fresh Frozen,Human Breast Cancer (Block A Section 2),,,
Human Breast Cancer (Block A Section 2),https://www.10xgenomics.com/datasets/human-breast-cancer-block-a-section-2-1-standard-1-0-0,Spatial Gene Expression v1.0,Human,breast,,Fresh Frozen,Human Breast Cancer (Block A Section 2),,,
Human Breast Cancer (Block A Section 1),https://www.10xgenomics.com/datasets/human-breast-cancer-block-a-section-1-1-standard-1-0-0,Spatial Gene Expression v1.0,Human,breast,,Fresh Frozen,Human Breast Cancer (Block A Section 1),,,
Human Breast Cancer (Block A Section 1),https://www.10xgenomics.com/datasets/human-breast-cancer-block-a-section-1-1-standard-1-0-0,Spatial Gene Expression v1.0,Human,breast,,Fresh Frozen,Human Breast Cancer (Block A Section 1),,,
Mouse Kidney Section (Coronal),https://www.10xgenomics.com/datasets/mouse-kidney-section-coronal-1-standard-1-0-0,Spatial Gene Expression v1.0,Mouse,kidney,,Fresh Frozen,Mouse Kidney Section (Coronal),,,
Mouse Kidney Section (Coronal),https://www.10xgenomics.com/datasets/mouse-kidney-section-coronal-1-standard-1-0-0,Spatial Gene Expression v1.0,Mouse,kidney,,Fresh Frozen,Mouse Kidney Section (Coronal),,,
Mouse Brain Serial Section 2 (Sagittal-Posterior),https://www.10xgenomics.com/datasets/mouse-brain-serial-section-2-sagittal-posterior-1-standard-1-0-0,Spatial Gene Expression v1.0,Mouse,brain,,Fresh Frozen,Mouse Brain Serial Section 2 (Sagittal-Posterior),,,
Mouse Brain Serial Section 2 (Sagittal-Posterior),https://www.10xgenomics.com/datasets/mouse-brain-serial-section-2-sagittal-posterior-1-standard-1-0-0,Spatial Gene Expression v1.0,Mouse,brain,,Fresh Frozen,Mouse Brain Serial Section 2 (Sagittal-Posterior),,,
Mouse Brain Serial Section 2 (Sagittal-Posterior),https://www.10xgenomics.com/datasets/mouse-brain-serial-section-2-sagittal-posterior-1-standard-1-0-0,Spatial Gene Expression v1.0,Mouse,brain,,Fresh Frozen,Mouse Brain Serial Section 2 (Sagittal-Posterior),,,
Mouse Brain Serial Section 2 (Sagittal-Anterior),https://www.10xgenomics.com/datasets/mouse-brain-serial-section-2-sagittal-anterior-1-standard-1-0-0,Spatial Gene Expression v1.0,Mouse,brain,,Fresh Frozen,Mouse Brain Serial Section 2 (Sagittal-Anterior),,,
Mouse Brain Serial Section 2 (Sagittal-Anterior),https://www.10xgenomics.com/datasets/mouse-brain-serial-section-2-sagittal-anterior-1-standard-1-0-0,Spatial Gene Expression v1.0,Mouse,brain,,Fresh Frozen,Mouse Brain Serial Section 2 (Sagittal-Anterior),,,
Mouse Brain Serial Section 2 (Sagittal-Anterior),https://www.10xgenomics.com/datasets/mouse-brain-serial-section-2-sagittal-anterior-1-standard-1-0-0,Spatial Gene Expression v1.0,Mouse,brain,,Fresh Frozen,Mouse Brain Serial Section 2 (Sagittal-Anterior),,,
Mouse Brain Serial Section 1 (Sagittal-Posterior),https://www.10xgenomics.com/datasets/mouse-brain-serial-section-1-sagittal-posterior-1-standard-1-0-0,Spatial Gene Expression v1.0,Mouse,brain,,Fresh Frozen,Mouse Brain Serial Section 1 (Sagittal-Posterior),,,
Mouse Brain Serial Section 1 (Sagittal-Posterior),https://www.10xgenomics.com/datasets/mouse-brain-serial-section-1-sagittal-posterior-1-standard-1-0-0,Spatial Gene Expression v1.0,Mouse,brain,,Fresh Frozen,Mouse Brain Serial Section 1 (Sagittal-Posterior),,,
Mouse Brain Serial Section 1 (Sagittal-Anterior),https://www.10xgenomics.com/datasets/mouse-brain-serial-section-1-sagittal-anterior-1-standard-1-0-0,Spatial Gene Expression v1.0,Mouse,brain,,Fresh Frozen,Mouse Brain Serial Section 1 (Sagittal-Anterior),,,
Mouse Brain Serial Section 1 (Sagittal-Anterior),https://www.10xgenomics.com/datasets/mouse-brain-serial-section-1-sagittal-anterior-1-standard-1-0-0,Spatial Gene Expression v1.0,Mouse,brain,,Fresh Frozen,Mouse Brain Serial Section 1 (Sagittal-Anterior),,,
Mouse Brain Section (Coronal),https://www.10xgenomics.com/datasets/mouse-brain-section-coronal-1-standard-1-0-0,Spatial Gene Expression v1.0,Mouse,brain,,Fresh Frozen,Mouse Brain Section (Coronal),,,
Mouse Brain Section (Coronal),https://www.10xgenomics.com/datasets/mouse-brain-section-coronal-1-standard-1-0-0,Spatial Gene Expression v1.0,Mouse,brain,,Fresh Frozen,Mouse Brain Section (Coronal),,,
Mouse Brain Section (Coronal),https://www.10xgenomics.com/datasets/mouse-brain-section-coronal-1-standard-1-0-0,Spatial Gene Expression v1.0,Mouse,brain,,Fresh Frozen,Mouse Brain Section (Coronal),,,
