status,dataset_id,name,short_description,primary_source_type,primary_source,primary_fingerprint,doi,pmid,manufacturer,product,release_date,tags,last_updated,lamin_link,notes,software_name,software_version
todo,ds_ad03ab99d753,"Visium HD Spatial Gene Expression Library, Human Pancreas (FFPE)",HD Spatial Gene Expression v1.0 | Human | Pancreas,url,https://10xgenomics.com/datasets/visium-hd-cytassist-gene-expression-libraries-human-pancreas-4,ad03ab99d753,,,10x Genomics,HD Spatial Gene Expression v1.0,,"Human,Pancreas",2025-09-29,,,Space Ranger,4.0.1
todo,ds_c49bf1838d56,"Visium HD Spatial Gene Expression Library, Human Breast Cancer (Fresh Frozen), Ultima Sequencing",HD Spatial Gene Expression v1.0 | Human | Breast,url,https://10xgenomics.com/datasets/visium-hd-cytassist-gene-expression-libraries-human-breast-cancer-ff-ultima-4,c49bf1838d56,,,10x Genomics,HD Spatial Gene Expression v1.0,,"Human,Breast",2025-09-29,,,Space Ranger,4.0.1
todo,ds_11c630435dda,"Visium HD Spatial Gene Expression Library, Mouse Kidney (FFPE)",HD Spatial Gene Expression v1.0 | Mouse | Kidney,url,https://10xgenomics.com/datasets/visium-hd-cytassist-gene-expression-libraries-of-mouse-kidney-v4,11c630435dda,,,10x Genomics,HD Spatial Gene Expression v1.0,,"Mouse,Kidney",2025-09-29,,,Space Ranger,4.0.1
todo,ds_aeb469e2e37f,"Visium HD Spatial Gene Expression Library, Mouse Brain (FFPE)",HD Spatial Gene Expression v1.0 | Mouse | Brain,url,https://10xgenomics.com/datasets/visium-hd-cytassist-gene-expression-libraries-of-mouse-brain-he-v4,aeb469e2e37f,,,10x Genomics,HD Spatial Gene Expression v1.0,,"Mouse,Brain",2025-09-29,,,Space Ranger,4.0.1
todo,ds_dbfa6aa27e07,"Visium HD Spatial Gene Expression Library, Human Colorectal Cancer (FFPE)",HD Spatial Gene Expression v1.0 | Human | Colon,url,https://10xgenomics.com/datasets/visium-hd-cytassist-gene-expression-libraries-of-human-crc-v4,dbfa6aa27e07,,,10x Genomics,HD Spatial Gene Expression v1.0,,"Human,Colon",2025-09-29,,,Space Ranger,4.0.1
todo,ds_177327996b8a,"Visium HD Spatial Gene Expression Library, Human Lymph Node (FFPE)",HD Spatial Gene Expression v1.0 | Human | Lymph Node,url,https://10xgenomics.com/datasets/visium-hd-cytassist-gene-expression-libraries-human-lymph-node-v4,177327996b8a,,,10x Genomics,HD Spatial Gene Expression v1.0,,"Human,Lymph Node",2025-09-29,,,Space Ranger,4.0.1
todo,ds_8f156a7a3d08,"Visium HD Spatial Gene Expression Library, Human Kidney (FFPE)",HD Spatial Gene Expression v1.0 | Human | Kidney,url,https://10xgenomics.com/datasets/visium-hd-cytassist-gene-expression-libraries-human-kidney-ffpe-v4,8f156a7a3d08,,,10x Genomics,HD Spatial Gene Expression v1.0,,"Human,Kidney",2025-09-29,,,Space Ranger,4.0.1
todo,ds_e4058dcfd230,"Visium HD Spatial Gene Expression Library, Mouse Embryo (FFPE)",HD Spatial Gene Expression v1.0 | Mouse | Whole Embryo,url,https://10xgenomics.com/datasets/visium-hd-cytassist-gene-expression-libraries-of-mouse-embryo-4,e4058dcfd230,,,10x Genomics,HD Spatial Gene Expression v1.0,,"Mouse,Whole Embryo",2025-09-29,,,Space Ranger,4.0.1
todo,ds_9eb2a5db18b9,"Visium HD Spatial Gene Expression Library, Human Prostate Cancer (FFPE)",HD Spatial Gene Expression v1.0 | Human | prostate,url,https://10xgenomics.com/datasets/visium-hd-cytassist-gene-expression-libraries-human-prostate-cancer-ffpe,9eb2a5db18b9,,,10x Genomics,HD Spatial Gene Expression v1.0,,"Human,prostate",2025-09-29,,,Space Ranger,4.0.1
todo,ds_7dc71e7ef5f1,"Visium CytAssist Spatial Gene Expression Library, Human Lymph Node (FFPE)",Spatial Gene Expression v2 | Human | Lymph Node,url,https://10xgenomics.com/datasets/visium-v2-human-lymph-node,7dc71e7ef5f1,,,10x Genomics,Spatial Gene Expression v2,,"Human,Lymph Node",2025-09-29,,,Space Ranger,3.1.3
todo,ds_20ac6644f5c3,"Visium HD Spatial Gene Expression Library, Human Kidney (FFPE)",HD Spatial Gene Expression v1.0 | Human | Kidney,url,https://10xgenomics.com/datasets/visium-hd-cytassist-gene-expression-libraries-human-kidney-ffpe,20ac6644f5c3,,,10x Genomics,HD Spatial Gene Expression v1.0,,"Human,Kidney",2025-09-29,,,Space Ranger,3.1.2
todo,ds_3622922ff2a1,"Visium HD Spatial Gene Expression Library, Human Tonsil (Fresh Frozen), Ultima Sequencing",HD Spatial Gene Expression v1.0 | Human | Tonsil,url,https://10xgenomics.com/datasets/visium-hd-cytassist-gene-expression-libraries-human-tonsil-ff-ultima,3622922ff2a1,,,10x Genomics,HD Spatial Gene Expression v1.0,,"Human,Tonsil",2025-09-29,,,Space Ranger,3.1.2
todo,ds_343bce1257e5,"Visium HD Spatial Gene Expression Library, Human Breast Cancer (Fresh Frozen), Ultima Sequencing",HD Spatial Gene Expression v1.0 | Human | Breast,url,https://10xgenomics.com/datasets/visium-hd-cytassist-gene-expression-libraries-human-breast-cancer-ff-ultima,343bce1257e5,,,10x Genomics,HD Spatial Gene Expression v1.0,,"Human,Breast",2025-09-29,,,Space Ranger,3.1.2
todo,ds_59e7579a48df,FFPE Human Ovarian Cancer with 5K Human Pan Tissue and Pathways Panel plus 100 Custom Genes,In Situ Gene Expression Xenium Prime | Human | Ovary,url,https://10xgenomics.com/datasets/xenium-prime-ffpe-human-ovarian-cancer,59e7579a48df,,,10x Genomics,In Situ Gene Expression Xenium Prime,,"Human,Ovary",2025-09-29,,,Xenium Onboard Analysis,3.0.0
todo,ds_bb42a3f71cd6,"Visium HD Spatial Gene Expression Library, Human Breast Cancer, IF (FFPE)",HD Spatial Gene Expression v1.0 | Human | breast,url,https://10xgenomics.com/datasets/visium-hd-cytassist-gene-expression-libraries-human-breast-cancer-ffpe-if,bb42a3f71cd6,,,10x Genomics,HD Spatial Gene Expression v1.0,,"Human,breast",2025-09-29,,,Space Ranger,3.1.2
todo,ds_602926a39fa5,Post-Xenium Technical Note: Xenium v1 and Xenium Prime 5K for FFPE Human Lung Cancer,In Situ Gene Expression Xenium Prime | Human | Lung,url,https://10xgenomics.com/datasets/xenium-human-lung-cancer-post-xenium-technote,602926a39fa5,,,10x Genomics,In Situ Gene Expression Xenium Prime,,"Human,Lung",2025-09-29,,,Xenium Onboard Analysis,3.0.0
todo,ds_86fdf7aaf1e5,FFPE Human Breast Cancer with 5K Human Pan Tissue and Pathways Panel plus 100 Custom Genes,In Situ Gene Expression Xenium Prime | Human | Breast,url,https://10xgenomics.com/datasets/xenium-prime-ffpe-human-breast-cancer,86fdf7aaf1e5,,,10x Genomics,In Situ Gene Expression Xenium Prime,,"Human,Breast",2025-09-29,,,Xenium Onboard Analysis,3.0.0
todo,ds_36c3cc9973df,Whole Mouse Pup (FFPE) with 5K Mouse Pan Tissue and Pathways Panel and Snap25a/Snap25b Add-on,In Situ Gene Expression Xenium Prime | Mouse | Whole organism,url,https://10xgenomics.com/datasets/xenium-prime-ffpe-neonatal-mouse,36c3cc9973df,,,10x Genomics,In Situ Gene Expression Xenium Prime,,"Mouse,Whole organism",2025-09-29,,,Xenium Onboard Analysis,3.0.0
todo,ds_671784da5689,"Visium HD Spatial Gene Expression Libraries, Post-Xenium, Human Lung Cancer (FFPE)",HD Spatial Gene Expression v1.0 | Human | Lung,url,https://10xgenomics.com/datasets/visium-hd-cytassist-gene-expression-human-lung-cancer-post-xenium-expt,671784da5689,,,10x Genomics,HD Spatial Gene Expression v1.0,,"Human,Lung",2025-09-29,,,Space Ranger,3.0.0
todo,ds_63b81878ff5a,"Visium HD Spatial Gene Expression Library, Mouse Lung (Fresh Frozen)",HD Spatial Gene Expression v1.0 | Mouse | Lung,url,https://10xgenomics.com/datasets/visium-hd-cytassist-gene-expression-mouse-lung-fresh-frozen,63b81878ff5a,,,10x Genomics,HD Spatial Gene Expression v1.0,,"Mouse,Lung",2025-09-29,,,Space Ranger,3.1.1
todo,ds_de33ff2011fd,"Visium HD Spatial Gene Expression Library, Mouse Brain (Fresh Frozen)",HD Spatial Gene Expression v1.0 | Mouse | Brain,url,https://10xgenomics.com/datasets/visium-hd-cytassist-gene-expression-mouse-brain-fresh-frozen,de33ff2011fd,,,10x Genomics,HD Spatial Gene Expression v1.0,,"Mouse,Brain",2025-09-29,,,Space Ranger,3.1.1
todo,ds_987ce2670571,"Visium HD Spatial Gene Expression Library, Mouse Brain (Fixed Frozen)",HD Spatial Gene Expression v1.0 | Mouse | Brain,url,https://10xgenomics.com/datasets/visium-hd-cytassist-gene-expression-mouse-brain-fixed-frozen,987ce2670571,,,10x Genomics,HD Spatial Gene Expression v1.0,,"Mouse,Brain",2025-09-29,,,Space Ranger,3.1.1
todo,ds_e9f0716115d0,"Visium HD Spatial Gene Expression Library, Human Tonsil, IF (Fresh Frozen)",HD Spatial Gene Expression v1.0 | Human | Tonsil,url,https://10xgenomics.com/datasets/visium-hd-cytassist-gene-expression-human-tonsil-fresh-frozen-if,e9f0716115d0,,,10x Genomics,HD Spatial Gene Expression v1.0,,"Human,Tonsil",2025-09-29,,,Space Ranger,3.1.1
todo,ds_f9c2ce1b5cdd,"Visium HD Spatial Gene Expression Library, Human Tonsil (Fresh Frozen)",HD Spatial Gene Expression v1.0 | Human | Tonsil,url,https://10xgenomics.com/datasets/visium-hd-cytassist-gene-expression-human-tonsil-fresh-frozen,f9c2ce1b5cdd,,,10x Genomics,HD Spatial Gene Expression v1.0,,"Human,Tonsil",2025-09-29,,,Space Ranger,3.1.1
todo,ds_feed058865cd,"Visium HD Spatial Gene Expression Library, Human Lung Cancer (Fixed Frozen)",HD Spatial Gene Expression v1.0 | Human | Lung,url,https://10xgenomics.com/datasets/visium-hd-cytassist-gene-expression-human-lung-cancer-fixed-frozen,feed058865cd,,,10x Genomics,HD Spatial Gene Expression v1.0,,"Human,Lung",2025-09-29,,,Space Ranger,3.1.1
todo,ds_1dbe04278f9a,"Visium HD Spatial Gene Expression Library, Human Breast Cancer (Fresh Frozen)",HD Spatial Gene Expression v1.0 | Human | Breast,url,https://10xgenomics.com/datasets/visium-hd-cytassist-gene-expression-human-breast-cancer-fresh-frozen,1dbe04278f9a,,,10x Genomics,HD Spatial Gene Expression v1.0,,"Human,Breast",2025-09-29,,,Space Ranger,3.1.1
todo,ds_2d767ec0f886,"Visium HD Spatial Gene Expression Library, Human Breast Cancer (Fixed Frozen)",HD Spatial Gene Expression v1.0 | Human | Breast,url,https://10xgenomics.com/datasets/visium-hd-cytassist-gene-expression-human-breast-cancer-fixed-frozen,2d767ec0f886,,,10x Genomics,HD Spatial Gene Expression v1.0,,"Human,Breast",2025-09-29,,,Space Ranger,3.1.1
todo,ds_598bc1e501b6,Fresh Frozen Human Ovarian Adenocarcinoma with 5K Human Pan Tissue and Pathways Panel,In Situ Gene Expression Xenium Prime | Human | Ovary,url,https://10xgenomics.com/datasets/xenium-prime-fresh-frozen-human-ovary,598bc1e501b6,,,10x Genomics,In Situ Gene Expression Xenium Prime,,"Human,Ovary",2025-09-29,,,Xenium Onboard Analysis,3.0.0
todo,ds_16af2735f301,FFPE Human Cervical Cancer with 5K Human Pan Tissue and Pathways Panel plus 100 Custom Genes,In Situ Gene Expression Xenium Prime | Human | Cervix,url,https://10xgenomics.com/datasets/xenium-prime-ffpe-human-cervical-cancer,16af2735f301,,,10x Genomics,In Situ Gene Expression Xenium Prime,,"Human,Cervix",2025-09-29,,,Xenium Onboard Analysis,3.0.0
todo,ds_d058b0c688a8,Fresh Frozen Mouse Brain Hemisphere with 5K Mouse Pan Tissue and Pathways Panel,In Situ Gene Expression Xenium Prime | Mouse | brain,url,https://10xgenomics.com/datasets/xenium-prime-fresh-frozen-mouse-brain,d058b0c688a8,,,10x Genomics,In Situ Gene Expression Xenium Prime,,"Mouse,brain",2025-09-29,,,Xenium Onboard Analysis,3.0.0
todo,ds_ca6019987ceb,Preview Data: FFPE Human Skin Primary Dermal Melanoma with 5K Human Pan Tissue and Pathways Panel,In Situ Gene Expression Xenium Prime | Human | skin,url,https://10xgenomics.com/datasets/xenium-prime-ffpe-human-skin,ca6019987ceb,,,10x Genomics,In Situ Gene Expression Xenium Prime,,"Human,skin",2025-09-29,,,Xenium Onboard Analysis,3.0.0
todo,ds_cb21da72c378,Preview Data: FFPE Human Prostate Adenocarcinoma with 5K Human Pan Tissue and Pathways Panel,In Situ Gene Expression Xenium Prime | Human | prostate,url,https://10xgenomics.com/datasets/xenium-prime-ffpe-human-prostate,cb21da72c378,,,10x Genomics,In Situ Gene Expression Xenium Prime,,"Human,prostate",2025-09-29,,,Xenium Onboard Analysis,3.0.0
todo,ds_c89bdd59a4cb,"Visium HD Spatial Gene Expression Library, Mouse Kidney (FFPE)",HD Spatial Gene Expression v1.0 | Mouse | Kidney,url,https://10xgenomics.com/datasets/visium-hd-cytassist-gene-expression-libraries-of-mouse-kidney,c89bdd59a4cb,,,10x Genomics,HD Spatial Gene Expression v1.0,,"Mouse,Kidney",2025-09-29,,,Space Ranger,3.0.0
todo,ds_932e966ed759,"Visium HD Spatial Gene Expression Library, Mouse Embryo (FFPE)",HD Spatial Gene Expression v1.0 | Mouse | Whole Embryo,url,https://10xgenomics.com/datasets/visium-hd-cytassist-gene-expression-libraries-of-mouse-embryo,932e966ed759,,,10x Genomics,HD Spatial Gene Expression v1.0,,"Mouse,Whole Embryo",2025-09-29,,,Space Ranger,3.0.0
todo,ds_9f0100a22666,"Visium HD Spatial Gene Expression Library, Human Pancreas (FFPE)",HD Spatial Gene Expression v1.0 | Human | Pancreas,url,https://10xgenomics.com/datasets/visium-hd-cytassist-gene-expression-libraries-human-pancreas,9f0100a22666,,,10x Genomics,HD Spatial Gene Expression v1.0,,"Human,Pancreas",2025-09-29,,,Space Ranger,3.0.0
todo,ds_effa0603ed3a,Preview Data: FFPE Human Lymph Node with 5K Pan Tissue and Pathways Panel,In Situ Gene Expression Xenium Prime | Human | lymph node,url,https://10xgenomics.com/datasets/preview-data-xenium-prime-gene-expression,effa0603ed3a,,,10x Genomics,In Situ Gene Expression Xenium Prime,,"Human,lymph node",2025-09-29,,,Xenium Onboard Analysis,3.0.0
todo,ds_7641996e21d7,FFPE Human Ovarian Cancer Data with Human Immuno-Oncology Profiling Panel and Custom Add-on,In Situ Gene Expression v1.0 | Human | ovary,url,https://10xgenomics.com/datasets/ffpe-human-ovarian-cancer-data-with-human-immuno-oncology-profiling-panel-and-custom-add-on-1-standard,7641996e21d7,,,10x Genomics,In Situ Gene Expression v1.0,,"Human,ovary",2025-09-29,,,Xenium Onboard Analysis,2.0.0
todo,ds_131dd9b41f63,FFPE Human Lung Cancer Data with Human Immuno-Oncology Profiling Panel and Custom Add-on,In Situ Gene Expression v1.0 | Human | lung,url,https://10xgenomics.com/datasets/ffpe-human-lung-cancer-data-with-human-immuno-oncology-profiling-panel-and-custom-add-on-1-standard,131dd9b41f63,,,10x Genomics,In Situ Gene Expression v1.0,,"Human,lung",2025-09-29,,,Xenium Onboard Analysis,2.0.0
todo,ds_155f995a3dc7,FFPE Human Pancreatic Ductal Adenocarcinoma Data with Human Immuno-Oncology Profiling Panel,In Situ Gene Expression v1.0 | Human | pancreas,url,https://10xgenomics.com/datasets/ffpe-human-ductal-adenocarcinoma-data-with-human-immuno-oncology-profiling-panel-1-standard,155f995a3dc7,,,10x Genomics,In Situ Gene Expression v1.0,,"Human,pancreas",2025-09-29,,,Xenium Onboard Analysis,2.0.0
todo,ds_7f3a8eae8d1c,FFPE Human Colorectal Cancer Data with Human Immuno-Oncology Profiling Panel and Custom Add-on,In Situ Gene Expression v1.0 | Human | colon,url,https://10xgenomics.com/datasets/ffpe-human-colorectal-cancer-data-with-human-immuno-oncology-profiling-panel-and-custom-add-on-1-standard,7f3a8eae8d1c,,,10x Genomics,In Situ Gene Expression v1.0,,"Human,colon",2025-09-29,,,Xenium Onboard Analysis,2.0.0
todo,ds_7f21498c44a5,FFPE Human Brain Cancer Data with Human Immuno-Oncology Profiling Panel and Custom Add-on,In Situ Gene Expression v1.0 | Human | brain,url,https://10xgenomics.com/datasets/ffpe-human-brain-cancer-data-with-human-immuno-oncology-profiling-panel-and-custom-add-on-1-standard,7f21498c44a5,,,10x Genomics,In Situ Gene Expression v1.0,,"Human,brain",2025-09-29,,,Xenium Onboard Analysis,2.0.0
todo,ds_ee9b33a44d5c,Mouse Bone Data with Custom Add-on Panel,In Situ Gene Expression v1.0 | Mouse | bone,url,https://10xgenomics.com/datasets/mouse-bone-data-with-custom-add-on-panel-1-standard,ee9b33a44d5c,,,10x Genomics,In Situ Gene Expression v1.0,,"Mouse,bone",2025-09-29,,,Xenium Onboard Analysis,1.9.0
todo,ds_7b393c36d912,Human Bone and Bone Marrow Data with Custom Add-on Panel,"In Situ Gene Expression v1.0 | Human | bone, bone marrow",url,https://10xgenomics.com/datasets/human-bone-and-bone-marrow-data-with-custom-add-on-panel-1-standard,7b393c36d912,,,10x Genomics,In Situ Gene Expression v1.0,,"Human,bone, bone marrow",2025-09-29,,,Xenium Onboard Analysis,1.9.0
todo,ds_04710e6078a5,"Visium HD Spatial Gene Expression Library, Mouse Brain (FFPE)",HD Spatial Gene Expression v1.0 | Mouse | Brain,url,https://10xgenomics.com/datasets/visium-hd-cytassist-gene-expression-libraries-of-mouse-brain-he,04710e6078a5,,,10x Genomics,HD Spatial Gene Expression v1.0,,"Mouse,Brain",2025-09-29,,,Space Ranger,3.0.0
todo,ds_c1e47a7c2e75,"Visium HD Spatial Gene Expression Library, Human Lung Cancer, IF Stained (FFPE)",HD Spatial Gene Expression v1.0 | Human | Lung,url,https://10xgenomics.com/datasets/visium-hd-cytassist-gene-expression-libraries-of-human-lung-cancer-if,c1e47a7c2e75,,,10x Genomics,HD Spatial Gene Expression v1.0,,"Human,Lung",2025-09-29,,,Space Ranger,3.0.0
todo,ds_d817aa1e351d,"Visium HD Spatial Gene Expression Library, Mouse Small Intestine (FFPE)",HD Spatial Gene Expression v1.0 | Mouse | Intestine,url,https://10xgenomics.com/datasets/visium-hd-cytassist-gene-expression-libraries-of-mouse-intestine,d817aa1e351d,,,10x Genomics,HD Spatial Gene Expression v1.0,,"Mouse,Intestine",2025-09-29,,,Space Ranger,3.0.0
todo,ds_6d938d63a8f2,"Visium HD Spatial Gene Expression Library, Human Colorectal Cancer (FFPE)",HD Spatial Gene Expression v1.0 | Human | Colon,url,https://10xgenomics.com/datasets/visium-hd-cytassist-gene-expression-libraries-of-human-crc,6d938d63a8f2,,,10x Genomics,HD Spatial Gene Expression v1.0,,"Human,Colon",2025-09-29,,,Space Ranger,3.0.0
todo,ds_7c74f962831a,Fresh Frozen Mouse Colon with Xenium Multimodal Cell Segmentation,In Situ Gene Expression v1.0 | Mouse | colon,url,https://10xgenomics.com/datasets/fresh-frozen-mouse-colon-with-xenium-multimodal-cell-segmentation-1-standard,7c74f962831a,,,10x Genomics,In Situ Gene Expression v1.0,,"Mouse,colon",2025-09-29,,,Xenium Onboard Analysis,2.0.0
todo,ds_9e1fab41502f,FFPE Human Pancreas with Xenium Multimodal Cell Segmentation,In Situ Gene Expression v1.0 | Human | pancreas,url,https://10xgenomics.com/datasets/ffpe-human-pancreas-with-xenium-multimodal-cell-segmentation-1-standard,9e1fab41502f,,,10x Genomics,In Situ Gene Expression v1.0,,"Human,pancreas",2025-09-29,,,Xenium Onboard Analysis,2.0.0
todo,ds_f04e80691206,Human Tonsil Data with Xenium Human Multi-Tissue and Cancer Panel,In Situ Gene Expression v1.0 | Human | tonsil,url,https://10xgenomics.com/datasets/human-tonsil-data-xenium-human-multi-tissue-and-cancer-panel-1-standard,f04e80691206,,,10x Genomics,In Situ Gene Expression v1.0,,"Human,tonsil",2025-09-29,,,Xenium Onboard Analysis,1.9.0
todo,ds_b374fde1a268,Human Skin Data with Xenium Human Multi-Tissue and Cancer Panel,In Situ Gene Expression v1.0 | Human | skin,url,https://10xgenomics.com/datasets/human-skin-data-xenium-human-multi-tissue-and-cancer-panel-1-standard,b374fde1a268,,,10x Genomics,In Situ Gene Expression v1.0,,"Human,skin",2025-09-29,,,Xenium Onboard Analysis,1.9.0
todo,ds_7c8094d0bdbc,Human Liver Data with Xenium Human Multi-Tissue and Cancer Panel,In Situ Gene Expression v1.0 | Human | liver,url,https://10xgenomics.com/datasets/human-liver-data-xenium-human-multi-tissue-and-cancer-panel-1-standard,7c8094d0bdbc,,,10x Genomics,In Situ Gene Expression v1.0,,"Human,liver",2025-09-29,,,Xenium Onboard Analysis,1.9.0
todo,ds_348bc8f9104b,Human Heart Data with Xenium Human Multi-Tissue and Cancer Panel,In Situ Gene Expression v1.0 | Human | heart,url,https://10xgenomics.com/datasets/human-heart-data-xenium-human-multi-tissue-and-cancer-panel-1-standard,348bc8f9104b,,,10x Genomics,In Situ Gene Expression v1.0,,"Human,heart",2025-09-29,,,Xenium Onboard Analysis,1.9.0
todo,ds_59fc1db30661,Preview Data: FFPE Human Lung Cancer with Xenium Multimodal Cell Segmentation,In Situ Gene Expression v1.0 | Human | lung,url,https://10xgenomics.com/datasets/preview-data-ffpe-human-lung-cancer-with-xenium-multimodal-cell-segmentation-1-standard,59fc1db30661,,,10x Genomics,In Situ Gene Expression v1.0,,"Human,lung",2025-09-29,,,Xenium Onboard Analysis,2.0.0
todo,ds_3a025b6ac888,Human Skin Preview Data (Xenium Human Skin Gene Expression Panel with Custom Add-On),In Situ Gene Expression v1.0 | Human | skin,url,https://10xgenomics.com/datasets/human-skin-preview-data-xenium-human-skin-gene-expression-panel-add-on-1-standard,3a025b6ac888,,,10x Genomics,In Situ Gene Expression v1.0,,"Human,skin",2025-09-29,,,Xenium Onboard Analysis,1.7.0
todo,ds_b5800cfe9da3,Pancreatic Cancer with Xenium Human Multi-Tissue and Cancer Panel,In Situ Gene Expression v1.0 | Human | pancreas,url,https://10xgenomics.com/datasets/pancreatic-cancer-with-xenium-human-multi-tissue-and-cancer-panel-1-standard,b5800cfe9da3,,,10x Genomics,In Situ Gene Expression v1.0,,"Human,pancreas",2025-09-29,,,Xenium Onboard Analysis,1.6.0
todo,ds_9d7a7b4ba93a,Visium CytAssist Gene Expression Libraries of Post-Xenium Human Colon Cancer (FFPE),Spatial Gene Expression v2 | Human | colon,url,https://10xgenomics.com/datasets/visium-cytassist-gene-expression-libraries-of-post-xenium-human-colon-cancer-ffpe-using-the-human-whole-transcriptome-probe-set-2-standard,9d7a7b4ba93a,,,10x Genomics,Spatial Gene Expression v2,,"Human,colon",2025-09-29,,,Space Ranger,2.1.0
todo,ds_9f361626eea4,Visium CytAssist Gene Expression Libraries of Post-Xenium Mouse Brain (FF),Spatial Gene Expression v2 | Mouse | brain,url,https://10xgenomics.com/datasets/visium-cytassist-gene-expression-libraries-of-post-xenium-mouse-brain-ff-using-the-mouse-whole-transcriptome-probe-set-2-standard,9f361626eea4,,,10x Genomics,Spatial Gene Expression v2,,"Mouse,brain",2025-09-29,,,Space Ranger,2.1.0
todo,ds_f3e951ebb938,Human Skin Preview Data (Xenium Human Skin Gene Expression Panel),In Situ Gene Expression v1.0 | Human | skin,url,https://10xgenomics.com/datasets/human-skin-preview-data-xenium-human-skin-gene-expression-panel-1-standard,f3e951ebb938,,,10x Genomics,In Situ Gene Expression v1.0,,"Human,skin",2025-09-29,,,Xenium Onboard Analysis,1.6.0
todo,ds_c1bc27eda148,Human Colon Preview Data (Xenium Human Colon Gene Expression Panel),In Situ Gene Expression v1.0 | Human | intestine (colon),url,https://10xgenomics.com/datasets/human-colon-preview-data-xenium-human-colon-gene-expression-panel-1-standard,c1bc27eda148,,,10x Genomics,In Situ Gene Expression v1.0,,"Human,intestine (colon)",2025-09-29,,,Xenium Onboard Analysis,1.6.0
todo,ds_2d2f321ec2c6,"Visium CytAssist Gene and Protein Expression Library of Human Tonsil with Add-on Antibodies, H&E, 6.5 mm (FFPE)",CytAssist Spatial Gene and Protein Expression v2 | Human | tonsil,url,https://10xgenomics.com/datasets/visium-cytassist-gene-and-protein-expression-library-of-human-tonsil-with-add-on-antibodies-h-e-6-5-mm-ffpe-2-standard,2d2f321ec2c6,,,10x Genomics,CytAssist Spatial Gene and Protein Expression v2,,"Human,tonsil",2025-09-29,,,Space Ranger,2.1.0
todo,ds_588915769e73,Whole Mouse Pup Preview Data (Xenium Mouse Tissue Atlassing Panel),In Situ Gene Expression v1.0 | Mouse | whole organism,url,https://10xgenomics.com/datasets/mouse-pup-preview-data-xenium-mouse-tissue-atlassing-panel-1-standard,588915769e73,,,10x Genomics,In Situ Gene Expression v1.0,,"Mouse,whole organism",2025-09-29,,,Xenium Onboard Analysis,1.6.0
todo,ds_65051a30a5d5,Human Lung Cancer Preview Data (Xenium Human Multi-Tissue and Cancer Panel),In Situ Gene Expression v1.0 | Human | lung,url,https://10xgenomics.com/datasets/human-lung-cancer-preview-data-xenium-human-multi-tissue-and-cancer-panel-1-standard,65051a30a5d5,,,10x Genomics,In Situ Gene Expression v1.0,,"Human,lung",2025-09-29,,,Xenium Onboard Analysis,1.5.0
todo,ds_00a0d8d54d23,Human Lymph Node Preview Data (Xenium Human Multi-Tissue and Cancer Panel),In Situ Gene Expression v1.0 | Human | lymph node,url,https://10xgenomics.com/datasets/human-lymph-node-preview-data-xenium-human-multi-tissue-and-cancer-panel-1-standard,00a0d8d54d23,,,10x Genomics,In Situ Gene Expression v1.0,,"Human,lymph node",2025-09-29,,,Xenium Onboard Analysis,1.5.0
todo,ds_9eb71fe3dfb4,Human Pancreas Preview Data (Xenium Human Multi-Tissue and Cancer Panel),In Situ Gene Expression v1.0 | Human | pancreas,url,https://10xgenomics.com/datasets/human-pancreas-preview-data-xenium-human-multi-tissue-and-cancer-panel-1-standard,9eb71fe3dfb4,,,10x Genomics,In Situ Gene Expression v1.0,,"Human,pancreas",2025-09-29,,,Xenium Onboard Analysis,1.5.0
todo,ds_aa2c579bec48,Human Kidney Preview Data (Xenium Human Multi-Tissue and Cancer Panel),In Situ Gene Expression v1.0 | Human | kidney,url,https://10xgenomics.com/datasets/human-kidney-preview-data-xenium-human-multi-tissue-and-cancer-panel-1-standard,aa2c579bec48,,,10x Genomics,In Situ Gene Expression v1.0,,"Human,kidney",2025-09-29,,,Xenium Onboard Analysis,1.5.0
todo,ds_ac05fa2c3367,Xenium In Situ Analysis of Alzheimer's Disease Mouse Model Brain Coronal Sections from One Hemisphere Over a Time Course,In Situ Gene Expression v1.0 | Mouse | brain,url,https://10xgenomics.com/datasets/xenium-in-situ-analysis-of-alzheimers-disease-mouse-model-brain-coronal-sections-from-one-hemisphere-over-a-time-course-1-standard,ac05fa2c3367,,,10x Genomics,In Situ Gene Expression v1.0,,"Mouse,brain",2025-09-29,,,Xenium Onboard Analysis,1.4.0
todo,ds_0b254551519f,"Preservation Method Comparison on Visium CytAssist: Fixed Frozen Mouse Brain (Sagittal), 11 mm Capture Area",Spatial Gene Expression v2 | Mouse | brain,url,https://10xgenomics.com/datasets/preservation-method-comparison-on-visium-cytassist-fixed-frozen-mouse-brain-sagittal-11-mm-capture-area-2-standard,0b254551519f,,,10x Genomics,Spatial Gene Expression v2,,"Mouse,brain",2025-09-29,,,Space Ranger,2.1.0
todo,ds_0ec9e67f5cc6,"Preservation Method Comparison on Visium CytAssist: Fresh Frozen Mouse Brain (Sagittal), 11 mm Capture Area",Spatial Gene Expression v2 | Mouse | brain,url,https://10xgenomics.com/datasets/preservation-method-comparison-on-visium-cytassist-fresh-frozen-mouse-brain-sagittal-11-mm-capture-area-2-standard,0ec9e67f5cc6,,,10x Genomics,Spatial Gene Expression v2,,"Mouse,brain",2025-09-29,,,Space Ranger,2.1.0
todo,ds_9c3de461bd7f,"Preservation Method Comparison on Visium CytAssist: FFPE Mouse Brain (Sagittal), 11 mm Capture Area",Spatial Gene Expression v2 | Mouse | brain,url,https://10xgenomics.com/datasets/preservation-method-comparison-on-visium-cytassist-ffpe-mouse-brain-sagittal-11-mm-capture-area-2-standard,9c3de461bd7f,,,10x Genomics,Spatial Gene Expression v2,,"Mouse,brain",2025-09-29,,,Space Ranger,2.1.0
todo,ds_6f1374dc4c3a,"Visium CytAssist, Mouse Embryo, 11 mm Capture Area (FFPE)",Spatial Gene Expression v2 | Mouse | embryo,url,https://10xgenomics.com/datasets/visium-cytassist-mouse-embryo-11-mm-capture-area-ffpe-2-standard,6f1374dc4c3a,,,10x Genomics,Spatial Gene Expression v2,,"Mouse,embryo",2025-09-29,,,Space Ranger,2.1.0
todo,ds_04f12e665c39,Adult Mouse Brain Coronal Section (Fresh Frozen),Spatial Gene Expression v1.0 | Mouse | brain,url,https://10xgenomics.com/datasets/adult-mouse-brain-coronal-section-fresh-frozen-1-standard,04f12e665c39,,,10x Genomics,Spatial Gene Expression v1.0,,"Mouse,brain",2025-09-29,,,Space Ranger,2.1.0
todo,ds_9bdbb7053bbb,Xenium Human Lung Preview Data,In Situ Gene Expression v1.0 | Human | Lung,url,https://10xgenomics.com/datasets/xenium-human-lung-preview-data-1-standard,9bdbb7053bbb,,,10x Genomics,In Situ Gene Expression v1.0,,"Human,Lung",2025-09-29,,,Xenium Onboard Analysis,1.3.0
todo,ds_82b061a761b8,"Visium CytAssist Gene and Protein Expression Library of Human Glioblastoma, IF, 11mm (FFPE)",CytAssist Spatial Gene and Protein Expression v2 | Human | brain,url,https://10xgenomics.com/datasets/gene-and-protein-expression-library-of-human-glioblastoma-cytassist-ffpe-2-standard,82b061a761b8,,,10x Genomics,CytAssist Spatial Gene and Protein Expression v2,,"Human,brain",2025-09-29,,,Space Ranger,2.1.0
todo,ds_09ed54e45149,"Visium CytAssist Gene and Protein Expression Library of Human Breast Cancer, IF, 6.5mm (FFPE)",CytAssist Spatial Gene and Protein Expression v2 | Human | breast,url,https://10xgenomics.com/datasets/gene-and-protein-expression-library-of-human-breast-cancer-cytassist-ffpe-2-standard,09ed54e45149,,,10x Genomics,CytAssist Spatial Gene and Protein Expression v2,,"Human,breast",2025-09-29,,,Space Ranger,2.1.0
todo,ds_a0acd98cb1c2,"Visium CytAssist Gene and Protein Expression Library of Human Tonsil, H&E, 6.5 mm (FFPE)",CytAssist Spatial Gene and Protein Expression v2 | Human | tonsil,url,https://10xgenomics.com/datasets/gene-protein-expression-library-of-human-tonsil-cytassist-ffpe-2-standard,a0acd98cb1c2,,,10x Genomics,CytAssist Spatial Gene and Protein Expression v2,,"Human,tonsil",2025-09-29,,,Space Ranger,2.1.0
todo,ds_ddb3a951215d,Xenium Human Brain Preview Data,In Situ Gene Expression v1.0 | Human | brain,url,https://10xgenomics.com/datasets/xenium-human-brain-preview-data-1-standard,ddb3a951215d,,,10x Genomics,In Situ Gene Expression v1.0,,"Human,brain",2025-09-29,,,Xenium Onboard Analysis,1.3.0
todo,ds_2579097670b9,Xenium FFPE Human Breast with Custom Add-on Panel,In Situ Gene Expression v1.0 | Human | breast,url,https://10xgenomics.com/datasets/xenium-ffpe-human-breast-with-custom-add-on-panel-1-standard,2579097670b9,,,10x Genomics,In Situ Gene Expression v1.0,,"Human,breast",2025-09-29,,,,
todo,ds_6f938fbef168,"Preservation Method Comparison on CytAssist: FFPE Mouse Brain (Sagittal), 11 mm Capture Area",Spatial Gene Expression v2 | Mouse | brain,url,https://10xgenomics.com/datasets/ffpe-visium-on-cytassist-mouse-brain-probe-based-whole-transcriptome-profiling-2-standard,6f938fbef168,,,10x Genomics,Spatial Gene Expression v2,,"Mouse,brain",2025-09-29,,,Space Ranger,2.0.1
todo,ds_942e1b9f546b,"Preservation Method Comparison on CytAssist: Fresh Frozen Mouse Brain (Sagittal), 11 mm Capture Area",Spatial Gene Expression v2 | Mouse | brain,url,https://10xgenomics.com/datasets/fresh-frozen-visium-on-cytassist-mouse-brain-probe-based-whole-transcriptome-profiling-2-standard-1,942e1b9f546b,,,10x Genomics,Spatial Gene Expression v2,,"Mouse,brain",2025-09-29,,,Space Ranger,2.0.1
todo,ds_9c94ef04daaa,"Preservation Method Comparison on CytAssist: Fixed Frozen Mouse Brain (Sagittal), 11 mm Capture Area",Spatial Gene Expression v2 | Mouse | brain,url,https://10xgenomics.com/datasets/fixed-frozen-visium-on-cytassist-mouse-brain-probe-based-whole-transcriptome-profiling-2-standard,9c94ef04daaa,,,10x Genomics,Spatial Gene Expression v2,,"Mouse,brain",2025-09-29,,,Space Ranger,2.0.1
todo,ds_443ac0f8315f,Mouse Tissue Microarray in 3x3 Layout with 2 mm Edge to Edge Spacing (FFPE),"Spatial Gene Expression v2 | Mouse | lung, brain",url,https://10xgenomics.com/datasets/mouse-tissue-microarray-in-3x3-layout-with-2-mm-edge-to-edge-spacing-ffpe-2-standard,443ac0f8315f,,,10x Genomics,Spatial Gene Expression v2,,"Mouse,lung, brain",2025-09-29,,,Space Ranger,2.0.1
todo,ds_4c6d9be77487,Mouse Tissue Microarray in 5x5 Layout with 1 mm Edge to Edge Spacing (FFPE),"Spatial Gene Expression v2 | Mouse | kidney, brain",url,https://10xgenomics.com/datasets/mouse-tissue-microarray-in-5x5-layout-with-1-mm-edge-to-edge-spacing-ffpe-2-standard,4c6d9be77487,,,10x Genomics,Spatial Gene Expression v2,,"Mouse,kidney, brain",2025-09-29,,,Space Ranger,2.0.1
todo,ds_ae8abb002e04,Mouse Tissue Microarray in 3x3 Layout with 1 mm Edge to Edge Spacing (FFPE),"Spatial Gene Expression v2 | Mouse | lung, brain",url,https://10xgenomics.com/datasets/mouse-tissue-microarray-in-3x3-layout-with-1-mm-edge-to-edge-spacing-ffpe-2-standard,ae8abb002e04,,,10x Genomics,Spatial Gene Expression v2,,"Mouse,lung, brain",2025-09-29,,,Space Ranger,2.0.1
todo,ds_d2af4ddab0b2,"Human Brain Cancer, 11 mm Capture Area (FFPE)",Spatial Gene Expression v2 | Human | brain,url,https://10xgenomics.com/datasets/human-brain-cancer-11-mm-capture-area-ffpe-2-standard,d2af4ddab0b2,,,10x Genomics,Spatial Gene Expression v2,,"Human,brain",2025-09-29,,,Space Ranger,2.0.1
todo,ds_74fcbb4ee59a,"Human Lung Cancer, 11 mm Capture Area (FFPE)",Spatial Gene Expression v2 | Human | lung,url,https://10xgenomics.com/datasets/human-lung-cancer-11-mm-capture-area-ffpe-2-standard,74fcbb4ee59a,,,10x Genomics,Spatial Gene Expression v2,,"Human,lung",2025-09-29,,,Space Ranger,2.0.1
todo,ds_5623ea0fbe9b,"Human Kidney, 11 mm Capture Area (FFPE)",Spatial Gene Expression v2 | Human | kidney,url,https://10xgenomics.com/datasets/human-kidney-11-mm-capture-area-ffpe-2-standard,5623ea0fbe9b,,,10x Genomics,Spatial Gene Expression v2,,"Human,kidney",2025-09-29,,,Space Ranger,2.0.1
todo,ds_1539a3dab125,"Human Colorectal Cancer, 11 mm Capture Area (FFPE)",Spatial Gene Expression v2 | Human | colorectal,url,https://10xgenomics.com/datasets/human-colorectal-cancer-11-mm-capture-area-ffpe-2-standard,1539a3dab125,,,10x Genomics,Spatial Gene Expression v2,,"Human,colorectal",2025-09-29,,,Space Ranger,2.0.1
todo,ds_a34eb3a9b68b,Fresh Frozen Mouse Brain Replicates,In Situ Gene Expression v1.0 | Mouse | brain,url,https://10xgenomics.com/datasets/fresh-frozen-mouse-brain-replicates-1-standard,a34eb3a9b68b,,,10x Genomics,In Situ Gene Expression v1.0,,"Mouse,brain",2025-09-29,,,,
todo,ds_7de57a1e7277,FFPE Human Breast using the Entire Sample Area,In Situ Gene Expression v1.0 | Human | breast,url,https://10xgenomics.com/datasets/ffpe-human-breast-using-the-entire-sample-area-1-standard,7de57a1e7277,,,10x Genomics,In Situ Gene Expression v1.0,,"Human,breast",2025-09-29,,,,
todo,ds_0b0cf2089f63,FFPE Human Breast with Custom Add-on Panel,In Situ Gene Expression v1.0 | Human | breast,url,https://10xgenomics.com/datasets/ffpe-human-breast-with-custom-add-on-panel-1-standard,0b0cf2089f63,,,10x Genomics,In Situ Gene Expression v1.0,,"Human,breast",2025-09-29,,,,
todo,ds_7696adb244a7,FFPE Human Breast with Pre-designed Panel,In Situ Gene Expression v1.0 | Human | breast,url,https://10xgenomics.com/datasets/ffpe-human-breast-with-pre-designed-panel-1-standard,7696adb244a7,,,10x Genomics,In Situ Gene Expression v1.0,,"Human,breast",2025-09-29,,,,
todo,ds_cd5225e7840e,Fresh Frozen Mouse Brain for Xenium Explorer Demo,In Situ Gene Expression v1.0 | Mouse | brain,url,https://10xgenomics.com/datasets/fresh-frozen-mouse-brain-for-xenium-explorer-demo-1-standard,cd5225e7840e,,,10x Genomics,In Situ Gene Expression v1.0,,"Mouse,brain",2025-09-29,,,,
todo,ds_56e1b8860933,"Fresh Frozen Visium on CytAssist: Mouse Brain, Probe-Based Whole Transcriptome Profiling",Spatial Gene Expression v2 | Mouse | brain,url,https://10xgenomics.com/datasets/fresh-frozen-visium-on-cytassist-mouse-brain-probe-based-whole-transcriptome-profiling-2-standard,56e1b8860933,,,10x Genomics,Spatial Gene Expression v2,,"Mouse,brain",2025-09-29,,,Space Ranger,2.0.1
todo,ds_c1014651d6ae,"Fresh Frozen Visium on CytAssist: Human Breast Cancer, Probe-Based Whole Transcriptome Profiling",Spatial Gene Expression v2 | Human | breast,url,https://10xgenomics.com/datasets/fresh-frozen-visium-on-cytassist-human-breast-cancer-probe-based-whole-transcriptome-profiling-2-standard,c1014651d6ae,,,10x Genomics,Spatial Gene Expression v2,,"Human,breast",2025-09-29,,,Space Ranger,2.0.1
todo,ds_6e80cbe0d4ff,Adult Mouse Brain Coronal Section (Fresh Frozen),Spatial Gene Expression v1.0 | Mouse | brain,url,https://10xgenomics.com/datasets/adult-mouse-brain-coronal-section-visium-ff-1-standard,6e80cbe0d4ff,,,10x Genomics,Spatial Gene Expression v1.0,,"Mouse,brain",2025-09-29,,,Space Ranger,2.0.0
todo,ds_541ff1f0a3c1,"Mouse Embryo, 11 mm Capture Area (FFPE)",Spatial Gene Expression v2 | Mouse | embryo,url,https://10xgenomics.com/datasets/mouse-embryo-11-mm-capture-area-ffpe-2-standard,541ff1f0a3c1,,,10x Genomics,Spatial Gene Expression v2,,"Mouse,embryo",2025-09-29,,,Space Ranger,2.0.0
todo,ds_71201113d27f,"Human Ovarian Cancer, 11 mm Capture Area (FFPE)",Spatial Gene Expression v2 | Human | ovary,url,https://10xgenomics.com/datasets/human-ovarian-cancer-11-mm-capture-area-ffpe-2-standard,71201113d27f,,,10x Genomics,Spatial Gene Expression v2,,"Human,ovary",2025-09-29,,,Space Ranger,2.0.0
todo,ds_d91af3426e90,Aggregate of Mouse Brain Sections: CytAssist for FFPE,Spatial Gene Expression v2 | Mouse | brain,url,https://10xgenomics.com/datasets/aggregate-of-mouse-brain-sections-cytassist-for-ffpe-2-standard,d91af3426e90,,,10x Genomics,Spatial Gene Expression v2,,"Mouse,brain",2025-09-29,,,Space Ranger,2.0.0
todo,ds_c549ac387ca4,"Aggregate of Mouse Brain Sections: Visium Fresh Frozen, Whole Transcriptome",Spatial Gene Expression v1.0 | Mouse | brain,url,https://10xgenomics.com/datasets/aggregate-of-mouse-brain-sections-visium-fresh-frozen-whole-transcriptome-1-standard,c549ac387ca4,,,10x Genomics,Spatial Gene Expression v1.0,,"Mouse,brain",2025-09-29,,,Space Ranger,2.0.0
todo,ds_a53ab9e3a310,Human Lung Cancer (FFPE),Spatial Gene Expression v2 | Human | lung,url,https://10xgenomics.com/datasets/human-lung-cancer-ffpe-2-standard,a53ab9e3a310,,,10x Genomics,Spatial Gene Expression v2,,"Human,lung",2025-09-29,,,Space Ranger,2.0.0
todo,ds_44494be1188a,Mouse Brain Coronal Section 2 (FFPE),Spatial Gene Expression v2 | Mouse | brain,url,https://10xgenomics.com/datasets/mouse-brain-coronal-section-2-ffpe-2-standard,44494be1188a,,,10x Genomics,Spatial Gene Expression v2,,"Mouse,brain",2025-09-29,,,Space Ranger,2.0.0
todo,ds_eacb90049236,Mouse Brain Coronal Section 1 (FFPE),Spatial Gene Expression v2 | Mouse | brain,url,https://10xgenomics.com/datasets/mouse-brain-coronal-section-1-ffpe-2-standard,eacb90049236,,,10x Genomics,Spatial Gene Expression v2,,"Mouse,brain",2025-09-29,,,Space Ranger,2.0.0
todo,ds_62242d8d1273,"Human Melanoma, IF Stained (FFPE)",Spatial Gene Expression v2 | Human | skin,url,https://10xgenomics.com/datasets/human-melanoma-if-stained-ffpe-2-standard,62242d8d1273,,,10x Genomics,Spatial Gene Expression v2,,"Human,skin",2025-09-29,,,Space Ranger,2.0.0
todo,ds_63dc60c9323d,Adult Mouse Olfactory Bulb,Spatial Gene Expression v1.0 | Mouse | olfactory bulb,url,https://10xgenomics.com/datasets/adult-mouse-olfactory-bulb-1-standard-1,63dc60c9323d,,,10x Genomics,Spatial Gene Expression v1.0,,"Mouse,olfactory bulb",2025-09-29,,,Space Ranger,2.0.0
todo,ds_dfa7a8adbb47,"Human Prostate Cancer, Adjacent Normal Section with IF Staining (FFPE)",Spatial Gene Expression v1.0 | Human | prostate,url,https://10xgenomics.com/datasets/human-prostate-cancer-adjacent-normal-section-with-if-staining-ffpe-1-standard,dfa7a8adbb47,,,10x Genomics,Spatial Gene Expression v1.0,,"Human,prostate",2025-09-29,,,Space Ranger,2.0.0
todo,ds_bb4358768d08,"Human Cerebellum: Targeted, Neuroscience Panel",Spatial Gene Expression v1.0 | Human | cerebellum,url,https://10xgenomics.com/datasets/human-cerebellum-targeted-neuroscience-panel-1-standard,bb4358768d08,,,10x Genomics,Spatial Gene Expression v1.0,,"Human,cerebellum",2025-09-29,,,Space Ranger,2.0.0
todo,ds_93dc76aef798,Mouse Brain Serial Section 2 (Sagittal-Anterior),Spatial Gene Expression v1.0 | Mouse | brain,url,https://10xgenomics.com/datasets/mouse-brain-serial-section-2-sagittal-anterior-1-standard,93dc76aef798,,,10x Genomics,Spatial Gene Expression v1.0,,"Mouse,brain",2025-09-29,,,Space Ranger,2.0.0
todo,ds_3d20f1645bf1,Mouse Brain Serial Section 2 (Sagittal-Posterior),Spatial Gene Expression v1.0 | Mouse | brain,url,https://10xgenomics.com/datasets/mouse-brain-serial-section-2-sagittal-posterior-1-standard,3d20f1645bf1,,,10x Genomics,Spatial Gene Expression v1.0,,"Mouse,brain",2025-09-29,,,Space Ranger,2.0.0
todo,ds_c6154b9fc0b9,"Human Breast Cancer: Visium Fresh Frozen, Whole Transcriptome",Spatial Gene Expression v1.0 | Human | breast,url,https://10xgenomics.com/datasets/human-breast-cancer-visium-fresh-frozen-whole-transcriptome-1-standard,c6154b9fc0b9,,,10x Genomics,Spatial Gene Expression v1.0,,"Human,breast",2025-09-29,,,Space Ranger,1.3.0
todo,ds_6306a65c9bca,Mouse Brain Section (Coronal),Spatial Gene Expression v1.0 | Mouse | brain,url,https://10xgenomics.com/datasets/mouse-brain-section-coronal-1-standard,6306a65c9bca,,,10x Genomics,Spatial Gene Expression v1.0,,"Mouse,brain",2025-09-29,,,Space Ranger,1.3.0
todo,ds_f31ca5b13b47,Human Ovarian Cancer (FFPE),Spatial Gene Expression v1.0 | Human | ovary,url,https://10xgenomics.com/datasets/human-ovarian-cancer-1-standard,f31ca5b13b47,,,10x Genomics,Spatial Gene Expression v1.0,,"Human,ovary",2025-09-29,,,Space Ranger,1.3.0
todo,ds_3e1f231dc8dd,Human Cervical Cancer (FFPE),Spatial Gene Expression v1.0 | Human | cervix,url,https://10xgenomics.com/datasets/human-cervical-cancer-1-standard,3e1f231dc8dd,,,10x Genomics,Spatial Gene Expression v1.0,,"Human,cervix",2025-09-29,,,Space Ranger,1.3.0
todo,ds_8bcd0356357f,Human Intestine Cancer (FPPE),Spatial Gene Expression v1.0 | Human | large intestine,url,https://10xgenomics.com/datasets/human-intestine-cancer-1-standard,8bcd0356357f,,,10x Genomics,Spatial Gene Expression v1.0,,"Human,large intestine",2025-09-29,,,Space Ranger,1.3.0
todo,ds_9e1f0bc6ecbc,Adult Mouse Olfactory Bulb,Spatial Gene Expression v1.0 | Mouse | olfactory bulb,url,https://10xgenomics.com/datasets/adult-mouse-olfactory-bulb-1-standard,9e1f0bc6ecbc,,,10x Genomics,Spatial Gene Expression v1.0,,"Mouse,olfactory bulb",2025-09-29,,,Space Ranger,1.3.0
todo,ds_5726043f676c,Multiomic Integration Neuroscience Application Note: Visium for FFPE Plus Immunofluorescence Alzheimer's Disease Mouse Model Brain Coronal Sections from One Hemisphere Over a Time Course,Spatial Gene Expression v1.0 | Mouse | brain,url,https://10xgenomics.com/datasets/multiomic-integration-neuroscience-application-note-visium-for-ffpe-plus-immunofluorescence-alzheimers-disease-mouse-model-brain-coronal-sections-from-one-hemisphere-over-a-time-course-1-standard,5726043f676c,,,10x Genomics,Spatial Gene Expression v1.0,,"Mouse,brain",2025-09-29,,,Space Ranger,1.3.1
todo,ds_71de2720b3ef,"Human Prostate Cancer, Acinar Cell Carcinoma (FFPE)",Spatial Gene Expression v1.0 | Human | prostate,url,https://10xgenomics.com/datasets/human-prostate-cancer-acinar-cell-carcinoma-ffpe-1-standard,71de2720b3ef,,,10x Genomics,Spatial Gene Expression v1.0,,"Human,prostate",2025-09-29,,,Space Ranger,1.3.0
todo,ds_994146aec613,Adult Mouse Kidney (FFPE),Spatial Gene Expression v1.0 | Mouse | kidney,url,https://10xgenomics.com/datasets/adult-mouse-kidney-ffpe-1-standard-1-3-0,994146aec613,,,10x Genomics,Spatial Gene Expression v1.0,,"Mouse,kidney",2025-09-29,,,Space Ranger,1.3.0
todo,ds_d88f2b496ed3,"Adult Mouse Brain, IF Stained (FFPE)",Spatial Gene Expression v1.0 | Mouse | brain,url,https://10xgenomics.com/datasets/adult-mouse-brain-if-stained-ffpe-1-standard-1-3-0,d88f2b496ed3,,,10x Genomics,Spatial Gene Expression v1.0,,"Mouse,brain",2025-09-29,,,Space Ranger,1.3.0
todo,ds_728cbd4f6f84,Adult Mouse Brain (FFPE),Spatial Gene Expression v1.0 | Mouse | brain,url,https://10xgenomics.com/datasets/adult-mouse-brain-ffpe-1-standard-1-3-0,728cbd4f6f84,,,10x Genomics,Spatial Gene Expression v1.0,,"Mouse,brain",2025-09-29,,,Space Ranger,1.3.0
todo,ds_e6c6280b0be7,"Human Prostate Cancer, Adjacent Normal Section with IF Staining (FFPE)",Spatial Gene Expression v1.0 | Human | prostate,url,https://10xgenomics.com/datasets/human-prostate-cancer-adjacent-normal-section-with-if-staining-ffpe-1-standard-1-3-0,e6c6280b0be7,,,10x Genomics,Spatial Gene Expression v1.0,,"Human,prostate",2025-09-29,,,Space Ranger,1.3.0
todo,ds_8e22e4933d52,Normal Human Prostate (FFPE),Spatial Gene Expression v1.0 | Human | prostate,url,https://10xgenomics.com/datasets/normal-human-prostate-ffpe-1-standard-1-3-0,8e22e4933d52,,,10x Genomics,Spatial Gene Expression v1.0,,"Human,prostate",2025-09-29,,,Space Ranger,1.3.0
todo,ds_e07400a26e3a,"Human Prostate Cancer, Adenocarcinoma with Invasive Carcinoma (FFPE)",Spatial Gene Expression v1.0 | Human | prostate,url,https://10xgenomics.com/datasets/human-prostate-cancer-adenocarcinoma-with-invasive-carcinoma-ffpe-1-standard-1-3-0,e07400a26e3a,,,10x Genomics,Spatial Gene Expression v1.0,,"Human,prostate",2025-09-29,,,Space Ranger,1.3.0
todo,ds_51a77df5f64a,"Human Breast Cancer: Ductal Carcinoma In Situ, Invasive Carcinoma (FFPE)",Spatial Gene Expression v1.0 | Human | breast,url,https://10xgenomics.com/datasets/human-breast-cancer-ductal-carcinoma-in-situ-invasive-carcinoma-ffpe-1-standard-1-3-0,51a77df5f64a,,,10x Genomics,Spatial Gene Expression v1.0,,"Human,breast",2025-09-29,,,Space Ranger,1.3.0
todo,ds_82f14872b519,Invasive Ductal Carcinoma Stained With Fluorescent CD3 Antibody,Spatial Gene Expression v1.0 | Human | breast,url,https://10xgenomics.com/datasets/invasive-ductal-carcinoma-stained-with-fluorescent-cd-3-antibody-1-standard-1-2-0,82f14872b519,,,10x Genomics,Spatial Gene Expression v1.0,,"Human,breast",2025-09-29,,,Space Ranger,1.2.0
todo,ds_793fbe8c84f5,"Human Spinal Cord: Whole Transcriptome Analysis. Stains: DAPI, Anti-SNAP25, Anti-GFAP, Anti-Myelin CNPase",Spatial Gene Expression v1.0 | Human | spinal cord,url,https://10xgenomics.com/datasets/human-spinal-cord-whole-transcriptome-analysis-stains-dapi-anti-snap-25-anti-gfap-anti-myelin-cn-pase-1-standard-1-2-0,793fbe8c84f5,,,10x Genomics,Spatial Gene Expression v1.0,,"Human,spinal cord",2025-09-29,,,Space Ranger,1.2.0
todo,ds_cd99b192d010,"Human Spinal Cord: Targeted, Neuroscience Panel. Stains: DAPI, Anti-SNAP25, Anti-GFAP, Anti-Myelin CNPase",Spatial Gene Expression v1.0 | Human | spinal cord,url,https://10xgenomics.com/datasets/human-spinal-cord-targeted-neuroscience-panel-stains-dapi-anti-snap-25-anti-gfap-anti-myelin-cn-pase-1-standard-1-2-0,cd99b192d010,,,10x Genomics,Spatial Gene Expression v1.0,,"Human,spinal cord",2025-09-29,,,Space Ranger,1.2.0
todo,ds_daa8b3d3d681,"Human Ovarian Cancer: Whole Transcriptome Analysis. Stains: DAPI, Anti-PanCK, Anti-CD45",Spatial Gene Expression v1.0 | Human | ovary,url,https://10xgenomics.com/datasets/human-ovarian-cancer-whole-transcriptome-analysis-stains-dapi-anti-pan-ck-anti-cd-45-1-standard-1-2-0,daa8b3d3d681,,,10x Genomics,Spatial Gene Expression v1.0,,"Human,ovary",2025-09-29,,,Space Ranger,1.2.0
todo,ds_a777bc270b6b,"Human Ovarian Cancer: Targeted, Pan-Cancer Panel. Stains: DAPI, Anti-PanCK, Anti-CD45",Spatial Gene Expression v1.0 | Human | ovary,url,https://10xgenomics.com/datasets/human-ovarian-cancer-targeted-pan-cancer-panel-stains-dapi-anti-pan-ck-anti-cd-45-1-standard-1-2-0,a777bc270b6b,,,10x Genomics,Spatial Gene Expression v1.0,,"Human,ovary",2025-09-29,,,Space Ranger,1.2.0
todo,ds_637cc9cbafee,"Human Ovarian Cancer: Targeted, Immunology Panel.  Stains: DAPI, Anti-PanCK, Anti-CD45",Spatial Gene Expression v1.0 | Human | ovary,url,https://10xgenomics.com/datasets/human-ovarian-cancer-targeted-immunology-panel-stains-dapi-anti-pan-ck-anti-cd-45-1-standard-1-2-0,637cc9cbafee,,,10x Genomics,Spatial Gene Expression v1.0,,"Human,ovary",2025-09-29,,,Space Ranger,1.2.0
todo,ds_60ff1ea7702f,"Human Ovarian Cancer: Targeted-Compare, Immunology Panel. Stains: DAPI, Anti-PanCK, Anti-CD45",Spatial Gene Expression v1.0 | Human | ovary,url,https://10xgenomics.com/datasets/human-ovarian-cancer-targeted-compare-immunology-panel-stains-dapi-anti-pan-ck-anti-cd-45-1-standard-1-2-0,60ff1ea7702f,,,10x Genomics,Spatial Gene Expression v1.0,,"Human,ovary",2025-09-29,,,Space Ranger,1.2.0
todo,ds_429716d55a8b,Human Glioblastoma: Whole Transcriptome Analysis,Spatial Gene Expression v1.0 | Human | brain,url,https://10xgenomics.com/datasets/human-glioblastoma-whole-transcriptome-analysis-1-standard-1-2-0,429716d55a8b,,,10x Genomics,Spatial Gene Expression v1.0,,"Human,brain",2025-09-29,,,Space Ranger,1.2.0
todo,ds_5d1197b9efe4,"Human Glioblastoma: Targeted, Pan-Cancer Panel",Spatial Gene Expression v1.0 | Human | brain,url,https://10xgenomics.com/datasets/human-glioblastoma-targeted-pan-cancer-panel-1-standard-1-2-0,5d1197b9efe4,,,10x Genomics,Spatial Gene Expression v1.0,,"Human,brain",2025-09-29,,,Space Ranger,1.2.0
todo,ds_9bda41442d25,Human Colorectal Cancer: Whole Transcriptome Analysis,Spatial Gene Expression v1.0 | Human | large intestine,url,https://10xgenomics.com/datasets/human-colorectal-cancer-whole-transcriptome-analysis-1-standard-1-2-0,9bda41442d25,,,10x Genomics,Spatial Gene Expression v1.0,,"Human,large intestine",2025-09-29,,,Space Ranger,1.2.0
todo,ds_58e555181843,"Human Colorectal Cancer: Targeted, Gene Signature Panel",Spatial Gene Expression v1.0 | Human | large intestine,url,https://10xgenomics.com/datasets/human-colorectal-cancer-targeted-gene-signature-panel-1-standard-1-2-0,58e555181843,,,10x Genomics,Spatial Gene Expression v1.0,,"Human,large intestine",2025-09-29,,,Space Ranger,1.2.0
todo,ds_4c584fe5902e,Human Cerebellum: Whole Transcriptome Analysis,"Spatial Gene Expression v1.0 | Human | brain, cerebellum",url,https://10xgenomics.com/datasets/human-cerebellum-whole-transcriptome-analysis-1-standard-1-2-0,4c584fe5902e,,,10x Genomics,Spatial Gene Expression v1.0,,"Human,brain, cerebellum",2025-09-29,,,Space Ranger,1.2.0
todo,ds_0394b6a460d3,"Human Cerebellum: Targeted, Neuroscience Panel","Spatial Gene Expression v1.0 | Human | brain, cerebellum",url,https://10xgenomics.com/datasets/human-cerebellum-targeted-neuroscience-panel-1-standard-1-2-0,0394b6a460d3,,,10x Genomics,Spatial Gene Expression v1.0,,"Human,brain, cerebellum",2025-09-29,,,Space Ranger,1.2.0
todo,ds_41bfd892e82b,"Human Cerebellum: Targeted-Compare, Neuroscience Panel","Spatial Gene Expression v1.0 | Human | brain, cerebellum",url,https://10xgenomics.com/datasets/human-cerebellum-targeted-compare-neuroscience-panel-1-standard-1-2-0,41bfd892e82b,,,10x Genomics,Spatial Gene Expression v1.0,,"Human,brain, cerebellum",2025-09-29,,,Space Ranger,1.2.0
todo,ds_22a579a78b61,Human Breast Cancer: Whole Transcriptome Analysis,Spatial Gene Expression v1.0 | Human | breast,url,https://10xgenomics.com/datasets/human-breast-cancer-whole-transcriptome-analysis-1-standard-1-2-0,22a579a78b61,,,10x Genomics,Spatial Gene Expression v1.0,,"Human,breast",2025-09-29,,,Space Ranger,1.2.0
todo,ds_63c18908db22,"Human Breast Cancer: Targeted, Immunology Panel",Spatial Gene Expression v1.0 | Human | breast,url,https://10xgenomics.com/datasets/human-breast-cancer-targeted-immunology-panel-1-standard-1-2-0,63c18908db22,,,10x Genomics,Spatial Gene Expression v1.0,,"Human,breast",2025-09-29,,,Space Ranger,1.2.0
todo,ds_87401e199a3d,Mouse Kidney Section (Coronal),Spatial Gene Expression v1.0 | Mouse | kidney,url,https://10xgenomics.com/datasets/mouse-kidney-section-coronal-1-standard-1-1-0,87401e199a3d,,,10x Genomics,Spatial Gene Expression v1.0,,"Mouse,kidney",2025-09-29,,,Space Ranger,1.1.0
todo,ds_1014c28b5eec,Mouse Brain Serial Section 2 (Sagittal-Posterior),Spatial Gene Expression v1.0 | Mouse | brain,url,https://10xgenomics.com/datasets/mouse-brain-serial-section-2-sagittal-posterior-1-standard-1-1-0,1014c28b5eec,,,10x Genomics,Spatial Gene Expression v1.0,,"Mouse,brain",2025-09-29,,,Space Ranger,1.1.0
todo,ds_63ffc75d7bb0,Mouse Brain Serial Section 2 (Sagittal-Anterior),Spatial Gene Expression v1.0 | Mouse | brain,url,https://10xgenomics.com/datasets/mouse-brain-serial-section-2-sagittal-anterior-1-standard-1-1-0,63ffc75d7bb0,,,10x Genomics,Spatial Gene Expression v1.0,,"Mouse,brain",2025-09-29,,,Space Ranger,1.1.0
todo,ds_71d5544fc57f,Mouse Brain Serial Section 1 (Sagittal-Posterior),Spatial Gene Expression v1.0 | Mouse | brain,url,https://10xgenomics.com/datasets/mouse-brain-serial-section-1-sagittal-posterior-1-standard-1-1-0,71d5544fc57f,,,10x Genomics,Spatial Gene Expression v1.0,,"Mouse,brain",2025-09-29,,,Space Ranger,1.1.0
todo,ds_8527906470d9,Mouse Brain Serial Section 1 (Sagittal-Anterior),Spatial Gene Expression v1.0 | Mouse | brain,url,https://10xgenomics.com/datasets/mouse-brain-serial-section-1-sagittal-anterior-1-standard-1-1-0,8527906470d9,,,10x Genomics,Spatial Gene Expression v1.0,,"Mouse,brain",2025-09-29,,,Space Ranger,1.1.0
todo,ds_b2a60f56a9cf,Mouse Brain Section (Coronal),Spatial Gene Expression v1.0 | Mouse | brain,url,https://10xgenomics.com/datasets/mouse-brain-section-coronal-1-standard-1-1-0,b2a60f56a9cf,,,10x Genomics,Spatial Gene Expression v1.0,,"Mouse,brain",2025-09-29,,,Space Ranger,1.1.0
todo,ds_2a222c35622b,Human Lymph Node,Spatial Gene Expression v1.0 | Human | lymph node,url,https://10xgenomics.com/datasets/human-lymph-node-1-standard-1-1-0,2a222c35622b,,,10x Genomics,Spatial Gene Expression v1.0,,"Human,lymph node",2025-09-29,,,Space Ranger,1.1.0
todo,ds_2171dcc7a15c,Human Heart,Spatial Gene Expression v1.0 | Human | heart,url,https://10xgenomics.com/datasets/human-heart-1-standard-1-1-0,2171dcc7a15c,,,10x Genomics,Spatial Gene Expression v1.0,,"Human,heart",2025-09-29,,,Space Ranger,1.1.0
todo,ds_9ab0566e259a,Human Breast Cancer (Block A Section 2),Spatial Gene Expression v1.0 | Human | breast,url,https://10xgenomics.com/datasets/human-breast-cancer-block-a-section-2-1-standard-1-1-0,9ab0566e259a,,,10x Genomics,Spatial Gene Expression v1.0,,"Human,breast",2025-09-29,,,Space Ranger,1.1.0
todo,ds_8550b767a1a4,Human Breast Cancer (Block A Section 1),Spatial Gene Expression v1.0 | Human | breast,url,https://10xgenomics.com/datasets/human-breast-cancer-block-a-section-1-1-standard-1-1-0,8550b767a1a4,,,10x Genomics,Spatial Gene Expression v1.0,,"Human,breast",2025-09-29,,,Space Ranger,1.1.0
todo,ds_f73e3267ce1f,"Adult Mouse Brain Section 2 (Coronal). Stains: DAPI, Anti-GFAP, Anti-NeuN",Spatial Gene Expression v1.0 | Mouse | brain,url,https://10xgenomics.com/datasets/adult-mouse-brain-section-2-coronal-stains-dapi-anti-gfap-anti-neu-n-1-standard-1-1-0,f73e3267ce1f,,,10x Genomics,Spatial Gene Expression v1.0,,"Mouse,brain",2025-09-29,,,Space Ranger,1.1.0
todo,ds_4d8a5a7706bb,"Adult Mouse Brain Section 1 (Coronal). Stains: DAPI, Anti-NeuN",Spatial Gene Expression v1.0 | Mouse | brain,url,https://10xgenomics.com/datasets/adult-mouse-brain-section-1-coronal-stains-dapi-anti-neu-n-1-standard-1-1-0,4d8a5a7706bb,,,10x Genomics,Spatial Gene Expression v1.0,,"Mouse,brain",2025-09-29,,,Space Ranger,1.1.0
todo,ds_846ac8428b59,"Adult Human Brain 2 (Cerebral Cortex, Unknown orientation). Stains: Anti-SNAP25, Anti-NFH",Spatial Gene Expression v1.0 | Human | brain,url,https://10xgenomics.com/datasets/adult-human-brain-2-cerebral-cortex-unknown-orientation-stains-anti-snap-25-anti-nfh-1-standard-1-1-0,846ac8428b59,,,10x Genomics,Spatial Gene Expression v1.0,,"Human,brain",2025-09-29,,,Space Ranger,1.1.0
todo,ds_b0c3cf1477e4,"Adult Human Brain 1 (Cerebral Cortex, Unknown orientation). Stains: Anti-GFAP, Anti-NFH",Spatial Gene Expression v1.0 | Human | brain,url,https://10xgenomics.com/datasets/adult-human-brain-1-cerebral-cortex-unknown-orientation-stains-anti-gfap-anti-nfh-1-standard-1-1-0,b0c3cf1477e4,,,10x Genomics,Spatial Gene Expression v1.0,,"Human,brain",2025-09-29,,,Space Ranger,1.1.0
todo,ds_c871913f0602,Human Lymph Node,Spatial Gene Expression v1.0 | Human | lymph node,url,https://10xgenomics.com/datasets/human-lymph-node-1-standard-1-0-0,c871913f0602,,,10x Genomics,Spatial Gene Expression v1.0,,"Human,lymph node",2025-09-29,,,Space Ranger,1.0.0
todo,ds_f1a20bf9f195,Human Heart,Spatial Gene Expression v1.0 | Human | heart,url,https://10xgenomics.com/datasets/human-heart-1-standard-1-0-0,f1a20bf9f195,,,10x Genomics,Spatial Gene Expression v1.0,,"Human,heart",2025-09-29,,,Space Ranger,1.0.0
todo,ds_293b29ade1e2,Human Breast Cancer (Block A Section 2),Spatial Gene Expression v1.0 | Human | breast,url,https://10xgenomics.com/datasets/human-breast-cancer-block-a-section-2-1-standard-1-0-0,293b29ade1e2,,,10x Genomics,Spatial Gene Expression v1.0,,"Human,breast",2025-09-29,,,Space Ranger,1.0.0
todo,ds_ae927072bc86,Human Breast Cancer (Block A Section 1),Spatial Gene Expression v1.0 | Human | breast,url,https://10xgenomics.com/datasets/human-breast-cancer-block-a-section-1-1-standard-1-0-0,ae927072bc86,,,10x Genomics,Spatial Gene Expression v1.0,,"Human,breast",2025-09-29,,,Space Ranger,1.0.0
todo,ds_ffd53f773d17,Mouse Kidney Section (Coronal),Spatial Gene Expression v1.0 | Mouse | kidney,url,https://10xgenomics.com/datasets/mouse-kidney-section-coronal-1-standard-1-0-0,ffd53f773d17,,,10x Genomics,Spatial Gene Expression v1.0,,"Mouse,kidney",2025-09-29,,,Space Ranger,1.0.0
todo,ds_0418ae5c502c,Mouse Brain Serial Section 2 (Sagittal-Posterior),Spatial Gene Expression v1.0 | Mouse | brain,url,https://10xgenomics.com/datasets/mouse-brain-serial-section-2-sagittal-posterior-1-standard-1-0-0,0418ae5c502c,,,10x Genomics,Spatial Gene Expression v1.0,,"Mouse,brain",2025-09-29,,,Space Ranger,1.0.0
todo,ds_e84db0fe71a7,Mouse Brain Serial Section 2 (Sagittal-Anterior),Spatial Gene Expression v1.0 | Mouse | brain,url,https://10xgenomics.com/datasets/mouse-brain-serial-section-2-sagittal-anterior-1-standard-1-0-0,e84db0fe71a7,,,10x Genomics,Spatial Gene Expression v1.0,,"Mouse,brain",2025-09-29,,,Space Ranger,1.0.0
todo,ds_8c47097a7688,Mouse Brain Serial Section 1 (Sagittal-Posterior),Spatial Gene Expression v1.0 | Mouse | brain,url,https://10xgenomics.com/datasets/mouse-brain-serial-section-1-sagittal-posterior-1-standard-1-0-0,8c47097a7688,,,10x Genomics,Spatial Gene Expression v1.0,,"Mouse,brain",2025-09-29,,,Space Ranger,1.0.0
todo,ds_f1b3fe01d96b,Mouse Brain Serial Section 1 (Sagittal-Anterior),Spatial Gene Expression v1.0 | Mouse | brain,url,https://10xgenomics.com/datasets/mouse-brain-serial-section-1-sagittal-anterior-1-standard-1-0-0,f1b3fe01d96b,,,10x Genomics,Spatial Gene Expression v1.0,,"Mouse,brain",2025-09-29,,,Space Ranger,1.0.0
todo,ds_3492d2e80c14,Mouse Brain Section (Coronal),Spatial Gene Expression v1.0 | Mouse | brain,url,https://10xgenomics.com/datasets/mouse-brain-section-coronal-1-standard-1-0-0,3492d2e80c14,,,10x Genomics,Spatial Gene Expression v1.0,,"Mouse,brain",2025-09-29,,,Space Ranger,1.0.0
